,name,label
0,CF437.jpg,3
1,AM1384.jpg,2
2,AM1234.jpg,2
3,AM1774.jpg,5
4,CF215.jpg,4
5,AF1899.jpg,3
6,AM704.jpg,2
7,AM1172.jpg,2
8,CM434.jpg,4
9,CF228.jpg,3
10,AF1179.jpg,5
11,AF64.jpg,2
12,AM230.jpg,2
13,AF734.jpg,3
14,AF280.jpg,3
15,AF1705.jpg,4
16,CF54.jpg,2
17,AM1931.jpg,5
18,CM126.jpg,3
19,AM550.jpg,2
20,AF915.jpg,4
21,AM765.jpg,3
22,AF1934.jpg,2
23,AM1090.jpg,2
24,AF1142.jpg,3
25,AF1883.jpg,4
26,AM1923.jpg,2
27,AF1649.jpg,4
28,CF23.jpg,6
29,AF505.jpg,3
30,CF318.jpg,2
31,AF791.jpg,3
32,AM346.jpg,3
33,AM1898.jpg,3
34,AM1247.jpg,2
35,AF1544.jpg,4
36,AF1217.jpg,4
37,CM261.jpg,3
38,AM486.jpg,2
39,AM673.jpg,3
40,CM704.jpg,3
41,CF173.jpg,3
42,AF538.jpg,4
43,CF600.jpg,6
44,CF254.jpg,3
45,CM381.jpg,3
46,AM1224.jpg,3
47,AM617.jpg,2
48,AF1549.jpg,3
49,AM236.jpg,1
50,AM1654.jpg,5
51,CF339.jpg,4
52,AM483.jpg,2
53,AF1889.jpg,5
54,AF1960.jpg,2
55,CM173.jpg,4
56,CF357.jpg,4
57,AM1574.jpg,4
58,AM240.jpg,6
59,AM646.jpg,2
60,AF176.jpg,2
61,AF200.jpg,2
62,AF811.jpg,2
63,CM198.jpg,3
64,AF736.jpg,2
65,AM1532.jpg,3
66,AF1013.jpg,5
67,AM350.jpg,2
68,AM79.jpg,2
69,AM850.jpg,3
70,CM676.jpg,6
71,AF949.jpg,3
72,AM1657.jpg,6
73,CF113.jpg,3
74,AF49.jpg,2
75,AM862.jpg,2
76,CF446.jpg,2
77,AM1430.jpg,2
78,CM708.jpg,5
79,AM122.jpg,4
80,AF883.jpg,4
81,AM552.jpg,2
82,AF1815.jpg,4
83,AM1369.jpg,3
84,CM244.jpg,4
85,AM1823.jpg,3
86,AF1163.jpg,4
87,AF472.jpg,4
88,AF796.jpg,3
89,CM185.jpg,3
90,AM901.jpg,3
91,AM522.jpg,2
92,AM1031.jpg,2
93,AF1895.jpg,5
94,AF1106.jpg,5
95,AM1982.jpg,4
96,AM62.jpg,5
97,AF1710.jpg,5
98,AF469.jpg,3
99,AF197.jpg,1
100,AM1716.jpg,5
101,CM566.jpg,3
102,AM1284.jpg,2
103,CF641.jpg,6
104,AF40.jpg,3
105,AM714.jpg,3
106,CF24.jpg,6
107,AM332.jpg,3
108,AF24.jpg,2
109,AM578.jpg,2
110,AM1908.jpg,2
111,CM680.jpg,4
112,AF430.jpg,3
113,AF1708.jpg,3
114,CM530.jpg,4
115,AF581.jpg,3
116,AF1881.jpg,5
117,AM514.jpg,2
118,CM380.jpg,3
119,AF1798.jpg,4
120,AF1547.jpg,6
121,CF614.jpg,5
122,CM511.jpg,3
123,CF734.jpg,5
124,AM948.jpg,3
125,AM1477.jpg,3
126,CF124.jpg,4
127,AF1438.jpg,4
128,AF285.jpg,3
129,CM127.jpg,5
130,AM1600.jpg,6
131,AF1170.jpg,6
132,CF462.jpg,2
133,AF1975.jpg,2
134,CM657.jpg,6
135,CM195.jpg,2
136,AF194.jpg,3
137,AF1087.jpg,3
138,CM349.jpg,3
139,AM739.jpg,1
140,CF422.jpg,3
141,AF516.jpg,3
142,CM604.jpg,3
143,AM1873.jpg,3
144,AF1838.jpg,5
145,AM1749.jpg,4
146,AM1005.jpg,2
147,CF220.jpg,4
148,AF1861.jpg,5
149,AM1831.jpg,5
150,AM806.jpg,2
151,AF1047.jpg,5
152,AF1962.jpg,5
153,AM1142.jpg,2
154,AF584.jpg,3
155,AM215.jpg,2
156,AF7.jpg,3
157,AM377.jpg,3
158,AM1728.jpg,5
159,AF98.jpg,2
160,AM675.jpg,3
161,CF551.jpg,6
162,AM416.jpg,3
163,AF1799.jpg,5
164,AF1205.jpg,6
165,AM39.jpg,5
166,CF420.jpg,5
167,AF544.jpg,2
168,AM1623.jpg,4
169,AF750.jpg,5
170,AM436.jpg,4
171,AM518.jpg,2
172,AF71.jpg,3
173,AF1730.jpg,6
174,CF467.jpg,3
175,AM1476.jpg,3
176,AF530.jpg,3
177,AF1123.jpg,3
178,AM359.jpg,2
179,AM1764.jpg,4
180,AM1656.jpg,5
181,CM412.jpg,4
182,AM565.jpg,2
183,CM82.jpg,3
184,CF385.jpg,5
185,AF1251.jpg,5
186,CM253.jpg,2
187,AF1725.jpg,4
188,AM1278.jpg,2
189,AF504.jpg,2
190,AM338.jpg,5
191,AF61.jpg,2
192,AF1122.jpg,5
193,AM993.jpg,2
194,AF1441.jpg,3
195,AF1450.jpg,3
196,AM786.jpg,3
197,CF731.jpg,5
198,CM694.jpg,6
199,CM658.jpg,4
200,CF305.jpg,5
201,AM1612.jpg,5
202,AM1355.jpg,3
203,AF742.jpg,3
204,CM18.jpg,3
205,CM102.jpg,3
206,AF94.jpg,3
207,AM678.jpg,4
208,CF736.jpg,6
209,AF1626.jpg,4
210,AF1341.jpg,2
211,AF1683.jpg,6
212,AM402.jpg,3
213,AF315.jpg,4
214,AF1863.jpg,5
215,CM526.jpg,3
216,AF783.jpg,6
217,AM1910.jpg,4
218,AM1563.jpg,4
219,CM575.jpg,3
220,CM335.jpg,4
221,AM1485.jpg,2
222,CF36.jpg,3
223,CF62.jpg,2
224,AF908.jpg,4
225,AM556.jpg,3
226,CM417.jpg,3
227,CM653.jpg,6
228,AM120.jpg,6
229,AM1256.jpg,3
230,AM1437.jpg,4
231,AF994.jpg,5
232,AM502.jpg,3
233,CF718.jpg,5
234,AM1036.jpg,1
235,CF570.jpg,4
236,AF1959.jpg,0
237,AM1591.jpg,6
238,AM1576.jpg,6
239,AM783.jpg,3
240,CF541.jpg,5
241,AF1482.jpg,4
242,AF1283.jpg,6
243,AM127.jpg,5
244,CF629.jpg,5
245,AF1611.jpg,4
246,AM719.jpg,3
247,AF174.jpg,2
248,AF44.jpg,3
249,AF1761.jpg,5
250,AF1463.jpg,3
251,AM667.jpg,3
252,AM773.jpg,2
253,AM1632.jpg,5
254,AF1029.jpg,5
255,CM726.jpg,4
256,AM1063.jpg,2
257,AM157.jpg,5
258,AF495.jpg,3
259,CM580.jpg,2
260,CF646.jpg,5
261,AM701.jpg,1
262,AM8.jpg,6
263,CM81.jpg,3
264,AM1373.jpg,2
265,AF1875.jpg,2
266,AM703.jpg,3
267,AM1081.jpg,2
268,AM1272.jpg,2
269,AM379.jpg,2
270,AF1243.jpg,2
271,AM1511.jpg,2
272,AF105.jpg,6
273,AM603.jpg,3
274,AF689.jpg,3
275,AF1698.jpg,4
276,AM506.jpg,3
277,CM445.jpg,5
278,AM274.jpg,6
279,AF462.jpg,3
280,CF419.jpg,2
281,AF106.jpg,4
282,AM365.jpg,3
283,AF1672.jpg,4
284,CF561.jpg,6
285,AM1456.jpg,3
286,AF342.jpg,3
287,AM1366.jpg,3
288,AF1371.jpg,5
289,AF707.jpg,2
290,AM1209.jpg,2
291,CM515.jpg,3
292,CF212.jpg,2
293,AF1039.jpg,6
294,AF971.jpg,6
295,AF415.jpg,3
296,CM389.jpg,2
297,AM1746.jpg,6
298,CM249.jpg,3
299,AF1853.jpg,1
300,CF135.jpg,2
301,AF134.jpg,2
302,CF632.jpg,5
303,AM334.jpg,3
304,AM936.jpg,2
305,AM218.jpg,6
306,AF1597.jpg,5
307,CM485.jpg,5
308,AF1722.jpg,4
309,AM928.jpg,3
310,AF1115.jpg,6
311,CF120.jpg,3
312,AM1526.jpg,3
313,AM1872.jpg,4
314,AF1246.jpg,4
315,CM623.jpg,2
316,AF1109.jpg,5
317,CM525.jpg,3
318,AM584.jpg,1
319,AM167.jpg,3
320,CF229.jpg,3
321,CF499.jpg,2
322,AF1103.jpg,4
323,AM1862.jpg,5
324,AM1881.jpg,5
325,AM643.jpg,3
326,AM1882.jpg,3
327,AM1159.jpg,3
328,CM370.jpg,2
329,AM1320.jpg,2
330,AM51.jpg,5
331,CF389.jpg,2
332,AM1455.jpg,1
333,CM531.jpg,4
334,AM630.jpg,4
335,AF1395.jpg,5
336,AF16.jpg,2
337,CM15.jpg,3
338,AF1769.jpg,5
339,CM654.jpg,5
340,CF562.jpg,6
341,AF876.jpg,3
342,CF494.jpg,2
343,AF426.jpg,2
344,CF277.jpg,2
345,AM896.jpg,2
346,CM248.jpg,1
347,CM600.jpg,3
348,AM276.jpg,3
349,AM1010.jpg,2
350,AM1601.jpg,5
351,AF1541.jpg,5
352,AF38.jpg,2
353,CF224.jpg,3
354,CF507.jpg,3
355,CF540.jpg,5
356,AF244.jpg,6
357,CF634.jpg,7
358,AF824.jpg,2
359,CF643.jpg,3
360,AF773.jpg,3
361,AF828.jpg,2
362,AM1459.jpg,4
363,AF1942.jpg,2
364,AM1559.jpg,3
365,CM447.jpg,3
366,AM1439.jpg,3
367,AF1185.jpg,3
368,CF571.jpg,5
369,AM688.jpg,1
370,AM1052.jpg,3
371,AM1509.jpg,1
372,CF112.jpg,3
373,CM523.jpg,3
374,AF933.jpg,5
375,CM223.jpg,5
376,AF359.jpg,2
377,CF676.jpg,4
378,AF1252.jpg,4
379,CF219.jpg,2
380,AF13.jpg,4
381,AM741.jpg,3
382,AF1220.jpg,3
383,AM1381.jpg,3
384,AF781.jpg,3
385,AF425.jpg,2
386,AM1932.jpg,4
387,AF60.jpg,3
388,AM1083.jpg,3
389,AF1204.jpg,3
390,AM658.jpg,3
391,AF1080.jpg,5
392,AM290.jpg,2
393,AM1120.jpg,3
394,AF1999.jpg,3
395,AM1783.jpg,4
396,CF470.jpg,5
397,CM89.jpg,3
398,CM332.jpg,5
399,AM1725.jpg,4
400,AM1844.jpg,3
401,AF1433.jpg,4
402,AF1943.jpg,5
403,AF1938.jpg,2
404,AF709.jpg,3
405,AF866.jpg,2
406,CF447.jpg,4
407,AF6.jpg,1
408,CM683.jpg,4
409,AM285.jpg,3
410,AF1941.jpg,4
411,CF371.jpg,3
412,AF446.jpg,4
413,AF1488.jpg,5
414,AF1774.jpg,4
415,AM1679.jpg,6
416,AM1731.jpg,5
417,AF149.jpg,2
418,AM1529.jpg,4
419,AM1334.jpg,2
420,AF676.jpg,3
421,AM810.jpg,3
422,CF56.jpg,2
423,CM487.jpg,2
424,CF583.jpg,6
425,AM1809.jpg,4
426,CM21.jpg,4
427,CM723.jpg,4
428,AM295.jpg,3
429,AF1131.jpg,4
430,AM89.jpg,4
431,AF1675.jpg,7
432,CF409.jpg,3
433,CM415.jpg,3
434,AM1516.jpg,2
435,AM1878.jpg,5
436,AM1766.jpg,5
437,AF670.jpg,4
438,AF22.jpg,2
439,AM394.jpg,1
440,AF1677.jpg,4
441,AF931.jpg,3
442,AM1869.jpg,4
443,AM1309.jpg,3
444,CM562.jpg,5
445,CF11.jpg,6
446,CF735.jpg,6
447,AM864.jpg,3
448,CF530.jpg,3
449,AM871.jpg,2
450,AF1829.jpg,3
451,CF526.jpg,4
452,AF11.jpg,2
453,AM1785.jpg,4
454,AM758.jpg,3
455,AM1194.jpg,3
456,CF626.jpg,4
457,AM435.jpg,2
458,AF1978.jpg,5
459,CF291.jpg,4
460,AF1384.jpg,5
461,AM1347.jpg,2
462,CF316.jpg,3
463,AM1710.jpg,6
464,CF522.jpg,3
465,AM624.jpg,2
466,AF1946.jpg,1
467,AF542.jpg,4
468,AF570.jpg,2
469,AM1789.jpg,4
470,AF1692.jpg,6
471,AM82.jpg,3
472,AM770.jpg,2
473,CF612.jpg,6
474,AF211.jpg,2
475,AF1527.jpg,5
476,CF439.jpg,3
477,AM1845.jpg,5
478,AM330.jpg,3
479,CM490.jpg,4
480,AF719.jpg,2
481,AF815.jpg,0
482,CF458.jpg,3
483,AM344.jpg,2
484,CM269.jpg,3
485,AF1517.jpg,4
486,AM1339.jpg,2
487,CM100.jpg,3
488,AF3.jpg,4
489,AM158.jpg,3
490,AF158.jpg,3
491,AF1897.jpg,5
492,AM768.jpg,3
493,AM176.jpg,2
494,AF434.jpg,4
495,CM748.jpg,5
496,AF1329.jpg,4
497,AF108.jpg,3
498,CF257.jpg,3
499,AM1276.jpg,2
500,CF309.jpg,6
501,AF1642.jpg,3
502,AF1738.jpg,3
503,CF586.jpg,6
504,AF921.jpg,6
505,CM650.jpg,6
506,CM326.jpg,2
507,CM49.jpg,2
508,CF202.jpg,3
509,AF840.jpg,5
510,AM1754.jpg,5
511,CF197.jpg,3
512,AF1223.jpg,2
513,AF874.jpg,3
514,AM1192.jpg,3
515,AF769.jpg,3
516,AF1464.jpg,4
517,AM1698.jpg,6
518,AM1176.jpg,1
519,AM37.jpg,4
520,CM356.jpg,2
521,CM687.jpg,5
522,AF1000.jpg,5
523,CM710.jpg,6
524,CM41.jpg,6
525,AM919.jpg,3
526,AF480.jpg,4
527,CM457.jpg,4
528,AF973.jpg,4
529,AM1560.jpg,3
530,AM1571.jpg,5
531,CF365.jpg,5
532,AF1627.jpg,5
533,AM23.jpg,5
534,AM207.jpg,2
535,AM410.jpg,2
536,CM376.jpg,4
537,CF672.jpg,4
538,AM199.jpg,5
539,AM503.jpg,3
540,AF1317.jpg,6
541,CF703.jpg,6
542,AM1861.jpg,3
543,AF241.jpg,1
544,AF1297.jpg,4
545,CF695.jpg,6
546,AM1283.jpg,3
547,AF1099.jpg,6
548,AM764.jpg,4
549,CM252.jpg,4
550,CF549.jpg,6
551,AM745.jpg,3
552,AF1824.jpg,1
553,AM853.jpg,2
554,AF1751.jpg,5
555,AF1607.jpg,4
556,CF697.jpg,4
557,AF221.jpg,2
558,AF409.jpg,6
559,AF1213.jpg,4
560,CM681.jpg,5
561,AF567.jpg,5
562,AF831.jpg,2
563,CM119.jpg,3
564,CF327.jpg,3
565,AM869.jpg,2
566,AM1984.jpg,6
567,AM1280.jpg,3
568,AF1839.jpg,6
569,AM1713.jpg,4
570,CM54.jpg,4
571,AF1648.jpg,4
572,AM1846.jpg,2
573,AF215.jpg,3
574,CF208.jpg,3
575,AF1346.jpg,5
576,AM1171.jpg,2
577,CM251.jpg,5
578,CF405.jpg,4
579,CM138.jpg,2
580,AF240.jpg,4
581,AF1343.jpg,5
582,CF501.jpg,2
583,AM1678.jpg,6
584,CF430.jpg,2
585,CF195.jpg,3
586,CF204.jpg,4
587,AF1650.jpg,4
588,AF786.jpg,3
589,AF78.jpg,3
590,CM731.jpg,5
591,AM1318.jpg,3
592,CM281.jpg,4
593,CF106.jpg,3
594,AF489.jpg,2
595,AF310.jpg,2
596,AF1570.jpg,3
597,CF262.jpg,3
598,AF1149.jpg,5
599,AM653.jpg,3
600,AF728.jpg,1
601,CM502.jpg,3
602,AF1785.jpg,5
603,AM1155.jpg,3
604,AF1034.jpg,4
605,AM691.jpg,3
606,AM1190.jpg,4
607,AF1011.jpg,4
608,CM287.jpg,4
609,AM1230.jpg,3
610,CF532.jpg,4
611,AM623.jpg,3
612,AF251.jpg,3
613,AM1871.jpg,3
614,AF1981.jpg,5
615,CF180.jpg,4
616,AM1356.jpg,2
617,CF28.jpg,6
618,AM1537.jpg,3
619,CM510.jpg,3
620,AM1187.jpg,3
621,AF403.jpg,3
622,AF156.jpg,2
623,CM107.jpg,4
624,CM105.jpg,3
625,AM912.jpg,3
626,AM1650.jpg,6
627,AM551.jpg,2
628,AF1936.jpg,4
629,AM1076.jpg,3
630,AM878.jpg,3
631,AF522.jpg,2
632,CM361.jpg,3
633,CF12.jpg,6
634,AF136.jpg,2
635,AM892.jpg,2
636,AM1582.jpg,5
637,AM1315.jpg,2
638,AM955.jpg,3
639,AF1215.jpg,4
640,CF461.jpg,3
641,AM861.jpg,3
642,AF1921.jpg,2
643,CF321.jpg,1
644,AM1653.jpg,4
645,AF1421.jpg,4
646,AF1694.jpg,5
647,AF787.jpg,2
648,AF181.jpg,3
649,AM1229.jpg,3
650,AM1174.jpg,2
651,CF489.jpg,3
652,CF152.jpg,2
653,AM796.jpg,2
654,CF730.jpg,5
655,AF1114.jpg,3
656,AF643.jpg,2
657,CF748.jpg,5
658,AF1117.jpg,1
659,AF1538.jpg,6
660,CM484.jpg,3
661,CF575.jpg,5
662,CM652.jpg,5
663,AF457.jpg,3
664,AF1928.jpg,3
665,AM750.jpg,2
666,AF696.jpg,2
667,CF78.jpg,2
668,CF584.jpg,6
669,CF330.jpg,2
670,AF1272.jpg,5
671,AM1054.jpg,1
672,AF1289.jpg,3
673,CF477.jpg,1
674,AF1184.jpg,2
675,AM1682.jpg,5
676,AF859.jpg,4
677,AF249.jpg,3
678,AM647.jpg,3
679,CF712.jpg,5
680,AM1138.jpg,3
681,AF1757.jpg,3
682,CF334.jpg,2
683,AF817.jpg,3
684,AF1911.jpg,5
685,AF1849.jpg,4
686,AM1214.jpg,3
687,AF1367.jpg,4
688,AF977.jpg,5
689,CM375.jpg,3
690,AF802.jpg,3
691,CF683.jpg,6
692,AM245.jpg,7
693,AM1049.jpg,3
694,CF636.jpg,6
695,AM847.jpg,3
696,AM259.jpg,2
697,AF340.jpg,3
698,AF389.jpg,3
699,CF95.jpg,2
700,AM1222.jpg,3
701,CF319.jpg,3
702,AF261.jpg,2
703,AF21.jpg,3
704,AF339.jpg,2
705,AM12.jpg,3
706,AF1445.jpg,5
707,CF261.jpg,4
708,AF1577.jpg,4
709,AM1583.jpg,0
710,AF347.jpg,3
711,AM277.jpg,3
712,AF1426.jpg,5
713,AF1416.jpg,4
714,CF492.jpg,2
715,AF514.jpg,2
716,AM348.jpg,2
717,CM742.jpg,6
718,AF1659.jpg,5
719,AF1500.jpg,6
720,AM1761.jpg,5
721,AM698.jpg,3
722,AF1127.jpg,3
723,AM44.jpg,6
724,AM393.jpg,3
725,AF326.jpg,3
726,AF328.jpg,3
727,AF1002.jpg,3
728,AM1980.jpg,5
729,AF131.jpg,3
730,AF1816.jpg,7
731,CF654.jpg,6
732,CM743.jpg,6
733,AM1521.jpg,1
734,AF279.jpg,4
735,AF1085.jpg,2
736,AM1251.jpg,3
737,AM771.jpg,2
738,AF178.jpg,3
739,AM1.jpg,5
740,AF198.jpg,2
741,AM374.jpg,3
742,CM273.jpg,3
743,AM153.jpg,3
744,AF591.jpg,3
745,CM444.jpg,4
746,CM574.jpg,4
747,AF1771.jpg,1
748,AM188.jpg,5
749,AF1948.jpg,3
750,AM497.jpg,1
751,AF747.jpg,3
752,AF393.jpg,3
753,AF964.jpg,5
754,AF173.jpg,2
755,AF565.jpg,6
756,CM78.jpg,3
757,AF419.jpg,3
758,AF624.jpg,3
759,AF761.jpg,2
760,AF401.jpg,1
761,CM509.jpg,3
762,CM689.jpg,6
763,AF1803.jpg,5
764,AF382.jpg,2
765,AM992.jpg,3
766,AF1089.jpg,2
767,CF424.jpg,4
768,AF1292.jpg,4
769,AM1585.jpg,5
770,AM1818.jpg,1
771,AM1883.jpg,6
772,AF195.jpg,3
773,AM1856.jpg,6
774,CF25.jpg,5
775,AM337.jpg,5
776,AM834.jpg,3
777,CF42.jpg,4
778,CF149.jpg,5
779,AF1391.jpg,3
780,AM300.jpg,2
781,AM110.jpg,2
782,CF396.jpg,4
783,AF953.jpg,5
784,AM141.jpg,5
785,CF382.jpg,2
786,AF764.jpg,3
787,AF502.jpg,3
788,AF825.jpg,3
789,CF720.jpg,4
790,AM1968.jpg,6
791,AF57.jpg,2
792,AF1542.jpg,2
793,AM1416.jpg,3
794,AM1848.jpg,2
795,CF304.jpg,4
796,AF1634.jpg,6
797,AF1965.jpg,1
798,AM265.jpg,2
799,CF188.jpg,3
800,AM969.jpg,3
801,AF668.jpg,2
802,AM395.jpg,2
803,AM138.jpg,4
804,CF647.jpg,6
805,CF404.jpg,2
806,AM938.jpg,3
807,AF270.jpg,0
808,CF503.jpg,3
809,AM873.jpg,2
810,AF1737.jpg,5
811,CF284.jpg,5
812,AF456.jpg,3
813,AF1630.jpg,3
814,CF31.jpg,3
815,CM483.jpg,5
816,AM1290.jpg,2
817,CM613.jpg,1
818,AM424.jpg,3
819,CF45.jpg,3
820,AM1249.jpg,2
821,AM1465.jpg,3
822,AM1855.jpg,4
823,AM1220.jpg,2
824,AM1000.jpg,3
825,CM63.jpg,2
826,AF46.jpg,2
827,CM419.jpg,2
828,AF685.jpg,6
829,AF1963.jpg,3
830,AM1069.jpg,2
831,AF601.jpg,2
832,AF1907.jpg,3
833,CM231.jpg,2
834,AM1875.jpg,4
835,AF1622.jpg,5
836,AM1378.jpg,3
837,AM1660.jpg,5
838,AM576.jpg,2
839,CM631.jpg,3
840,AF1576.jpg,4
841,CF493.jpg,3
842,AM5.jpg,2
843,AM616.jpg,4
844,CF258.jpg,4
845,AM1277.jpg,2
846,AM1241.jpg,2
847,CF535.jpg,4
848,CF606.jpg,5
849,AF42.jpg,2
850,AF508.jpg,2
851,CF668.jpg,7
852,AF634.jpg,4
853,CM217.jpg,3
854,AF1676.jpg,6
855,CM408.jpg,3
856,CF406.jpg,2
857,AF954.jpg,6
858,AM177.jpg,2
859,CM630.jpg,3
860,AM1977.jpg,6
861,AM1068.jpg,2
862,AM1631.jpg,3
863,AF1828.jpg,6
864,AM1488.jpg,3
865,AM504.jpg,3
866,AM1807.jpg,6
867,CM304.jpg,3
868,AM1154.jpg,3
869,CF711.jpg,5
870,AM991.jpg,2
871,AF1787.jpg,5
872,AM11.jpg,6
873,AF1406.jpg,5
874,CF609.jpg,7
875,AF893.jpg,3
876,AF1420.jpg,4
877,AM56.jpg,5
878,AM1758.jpg,5
879,CM282.jpg,3
880,AF983.jpg,5
881,CM91.jpg,2
882,CF495.jpg,3
883,AM1648.jpg,6
884,AF107.jpg,1
885,AF1320.jpg,6
886,CF67.jpg,3
887,AM375.jpg,3
888,AF1020.jpg,3
889,AM1132.jpg,1
890,AM876.jpg,3
891,AF1301.jpg,6
892,AF1176.jpg,2
893,AF1571.jpg,5
894,AF47.jpg,3
895,CF200.jpg,3
896,CF70.jpg,4
897,AF1040.jpg,2
898,AM1659.jpg,4
899,AM1116.jpg,3
900,CF650.jpg,6
901,AM131.jpg,6
902,AM1658.jpg,4
903,AF1764.jpg,5
904,AM93.jpg,2
905,AM1642.jpg,6
906,AF168.jpg,3
907,AF1136.jpg,4
908,AF113.jpg,4
909,CF648.jpg,7
910,AF29.jpg,4
911,AF491.jpg,5
912,AF1072.jpg,4
913,AM852.jpg,2
914,AM626.jpg,3
915,AM1652.jpg,6
916,AM1510.jpg,3
917,CF521.jpg,2
918,CF415.jpg,3
919,CF161.jpg,2
920,AF1924.jpg,2
921,AM268.jpg,4
922,AM1867.jpg,5
923,AF1638.jpg,5
924,AF1553.jpg,5
925,AF1995.jpg,0
926,CM677.jpg,6
927,AM1584.jpg,2
928,AM311.jpg,2
929,AM681.jpg,3
930,AM649.jpg,5
931,AM1291.jpg,2
932,CF508.jpg,3
933,AM1621.jpg,2
934,AF649.jpg,2
935,AF1545.jpg,6
936,AM480.jpg,3
937,AM447.jpg,2
938,AF1259.jpg,3
939,AF459.jpg,2
940,CF165.jpg,1
941,AF220.jpg,3
942,AF790.jpg,3
943,AF1183.jpg,5
944,AF1063.jpg,6
945,CF704.jpg,6
946,CM240.jpg,2
947,CM302.jpg,3
948,AF368.jpg,3
949,CM141.jpg,3
950,CF268.jpg,4
951,AF371.jpg,2
952,AF196.jpg,3
953,CF514.jpg,2
954,CF525.jpg,2
955,AM1688.jpg,6
956,AF1230.jpg,2
957,AM1298.jpg,3
958,CM120.jpg,4
959,AF575.jpg,3
960,AM1425.jpg,2
961,AF54.jpg,2
962,AF313.jpg,3
963,CM177.jpg,3
964,CF688.jpg,5
965,AF1126.jpg,3
966,AF1228.jpg,4
967,AF1447.jpg,6
968,AM496.jpg,2
969,AF751.jpg,4
970,AM463.jpg,3
971,AM1768.jpg,3
972,AF404.jpg,3
973,AF1700.jpg,4
974,CF603.jpg,6
975,CF628.jpg,6
976,AF898.jpg,6
977,AM1305.jpg,3
978,AM1483.jpg,3
979,AF163.jpg,3
980,AF1508.jpg,5
981,AM54.jpg,3
982,AM1920.jpg,3
983,CM194.jpg,2
984,AM1778.jpg,2
985,AM1817.jpg,4
986,CF743.jpg,3
987,AF124.jpg,3
988,AF1249.jpg,6
989,AF1461.jpg,4
990,AF1051.jpg,3
991,AM217.jpg,5
992,CM422.jpg,2
993,AF1385.jpg,5
994,AF1006.jpg,4
995,AF1423.jpg,5
996,AM1589.jpg,3
997,AM1546.jpg,3
998,AF1956.jpg,5
999,AM1782.jpg,4
1000,AF1093.jpg,5
1001,AM1237.jpg,3
1002,CF103.jpg,3
1003,AM1112.jpg,3
1004,AF1309.jpg,5
1005,AM1986.jpg,3
1006,CF611.jpg,6
1007,AM128.jpg,4
1008,CM187.jpg,6
1009,AM1271.jpg,2
1010,AM1757.jpg,6
1011,CM709.jpg,6
1012,AM1016.jpg,1
1013,CM685.jpg,4
1014,AM1860.jpg,2
1015,AM302.jpg,2
1016,AM1101.jpg,2
1017,CM481.jpg,3
1018,AF823.jpg,3
1019,CM374.jpg,3
1020,AM1947.jpg,3
1021,AF588.jpg,4
1022,AM721.jpg,3
1023,AM1454.jpg,3
1024,CF275.jpg,3
1025,AM1830.jpg,3
1026,AF1033.jpg,2
1027,AF485.jpg,3
1028,AM1500.jpg,3
1029,AM222.jpg,1
1030,AM1742.jpg,6
1031,AF1842.jpg,5
1032,AM1243.jpg,3
1033,AM1043.jpg,5
1034,AF722.jpg,6
1035,AM1799.jpg,3
1036,AF186.jpg,2
1037,AF998.jpg,4
1038,CF456.jpg,5
1039,AF1796.jpg,2
1040,AF1286.jpg,5
1041,AM723.jpg,2
1042,AM406.jpg,3
1043,CF163.jpg,4
1044,AF1586.jpg,5
1045,CM283.jpg,3
1046,CF352.jpg,2
1047,CM667.jpg,6
1048,AF453.jpg,6
1049,CM58.jpg,5
1050,AM1330.jpg,3
1051,AF1216.jpg,3
1052,CM202.jpg,3
1053,AF334.jpg,2
1054,AM499.jpg,1
1055,AF640.jpg,3
1056,AF585.jpg,2
1057,AM1420.jpg,3
1058,AF258.jpg,2
1059,CF7.jpg,5
1060,AM696.jpg,4
1061,AM1734.jpg,5
1062,AM711.jpg,3
1063,CF637.jpg,6
1064,AM1834.jpg,5
1065,AF1558.jpg,5
1066,AF717.jpg,2
1067,AM987.jpg,3
1068,AF483.jpg,3
1069,CM556.jpg,3
1070,AF1400.jpg,5
1071,AF887.jpg,2
1072,AF1719.jpg,5
1073,AM1146.jpg,3
1074,CF726.jpg,5
1075,AM388.jpg,3
1076,CM734.jpg,6
1077,AM174.jpg,3
1078,AM1281.jpg,2
1079,CM76.jpg,2
1080,AF681.jpg,3
1081,AF1990.jpg,6
1082,CF453.jpg,2
1083,AM1337.jpg,3
1084,AF1794.jpg,4
1085,CF238.jpg,3
1086,AM1376.jpg,3
1087,AF818.jpg,4
1088,AF1390.jpg,6
1089,AM1863.jpg,5
1090,AM1709.jpg,3
1091,AM960.jpg,3
1092,AF1054.jpg,4
1093,CF269.jpg,6
1094,AM1992.jpg,6
1095,CM161.jpg,2
1096,AM86.jpg,4
1097,AF90.jpg,1
1098,AM1790.jpg,6
1099,AM538.jpg,3
1100,AM152.jpg,6
1101,CM416.jpg,3
1102,AM1970.jpg,5
1103,AF276.jpg,2
1104,AF597.jpg,3
1105,AM804.jpg,3
1106,AF1386.jpg,3
1107,CF595.jpg,6
1108,AF1930.jpg,5
1109,AF1628.jpg,6
1110,AM1607.jpg,3
1111,CM441.jpg,3
1112,CF107.jpg,5
1113,CF497.jpg,3
1114,AM1030.jpg,3
1115,AM309.jpg,3
1116,CF218.jpg,3
1117,AF1637.jpg,5
1118,CF625.jpg,5
1119,AM1969.jpg,5
1120,AM1011.jpg,3
1121,AF375.jpg,2
1122,CF717.jpg,4
1123,CF110.jpg,3
1124,AF882.jpg,6
1125,AF1134.jpg,4
1126,CF707.jpg,6
1127,CF181.jpg,3
1128,AM228.jpg,3
1129,AF1394.jpg,4
1130,CM400.jpg,2
1131,AM1918.jpg,4
1132,AM692.jpg,2
1133,AM937.jpg,3
1134,AF37.jpg,2
1135,AF982.jpg,3
1136,CM84.jpg,3
1137,AM1073.jpg,2
1138,AM1779.jpg,5
1139,CF22.jpg,5
1140,AM1336.jpg,3
1141,AF948.jpg,3
1142,AF1477.jpg,6
1143,AM1019.jpg,3
1144,AM1943.jpg,4
1145,AF523.jpg,2
1146,AF52.jpg,2
1147,CF48.jpg,3
1148,AM1504.jpg,3
1149,AM530.jpg,3
1150,AF171.jpg,3
1151,CM492.jpg,2
1152,CF217.jpg,5
1153,AF673.jpg,4
1154,AF1617.jpg,5
1155,AF925.jpg,2
1156,CF350.jpg,3
1157,AF1903.jpg,6
1158,CF38.jpg,6
1159,AF235.jpg,3
1160,CM379.jpg,3
1161,AM513.jpg,3
1162,AM282.jpg,1
1163,AM828.jpg,3
1164,AM1896.jpg,4
1165,CM329.jpg,2
1166,CM703.jpg,6
1167,AF718.jpg,3
1168,AF1372.jpg,4
1169,AM1153.jpg,2
1170,AM1411.jpg,3
1171,CM615.jpg,4
1172,AM1625.jpg,4
1173,CM378.jpg,5
1174,AM148.jpg,6
1175,AM1644.jpg,6
1176,AF463.jpg,2
1177,AM1274.jpg,3
1178,AF348.jpg,2
1179,AM68.jpg,6
1180,CF66.jpg,3
1181,CF338.jpg,3
1182,CF737.jpg,5
1183,CF300.jpg,2
1184,AM1894.jpg,6
1185,CF563.jpg,6
1186,AM1606.jpg,6
1187,AM495.jpg,2
1188,AM403.jpg,3
1189,AM1363.jpg,1
1190,CM151.jpg,2
1191,AM1740.jpg,6
1192,AM553.jpg,3
1193,AM1079.jpg,2
1194,AF1752.jpg,6
1195,AF641.jpg,2
1196,AM640.jpg,3
1197,AM1264.jpg,4
1198,CF491.jpg,2
1199,AM1964.jpg,6
1200,AM24.jpg,4
1201,AF28.jpg,2
1202,AM249.jpg,2
1203,AM906.jpg,3
1204,AF682.jpg,5
1205,CF346.jpg,3
1206,AM983.jpg,3
1207,AM1672.jpg,3
1208,AM1107.jpg,2
1209,CF593.jpg,5
1210,AM1432.jpg,3
1211,AF69.jpg,3
1212,CM634.jpg,6
1213,AM529.jpg,4
1214,AM951.jpg,2
1215,AF1071.jpg,4
1216,AM1065.jpg,2
1217,CF155.jpg,2
1218,AM1663.jpg,2
1219,AF1125.jpg,3
1220,CF645.jpg,5
1221,AM303.jpg,2
1222,AM1215.jpg,2
1223,AM1667.jpg,6
1224,CM576.jpg,3
1225,CF136.jpg,2
1226,AF1778.jpg,2
1227,AM1806.jpg,3
1228,AF370.jpg,3
1229,AM591.jpg,3
1230,AF1530.jpg,5
1231,AM1927.jpg,5
1232,AF189.jpg,2
1233,AF1557.jpg,5
1234,AM1474.jpg,2
1235,AF222.jpg,3
1236,AF686.jpg,3
1237,AM1058.jpg,3
1238,AM487.jpg,2
1239,AM111.jpg,0
1240,AF1491.jpg,6
1241,CF452.jpg,4
1242,AF766.jpg,2
1243,AM660.jpg,1
1244,CM386.jpg,3
1245,AM728.jpg,3
1246,CF667.jpg,5
1247,AF1118.jpg,1
1248,AM686.jpg,3
1249,AF801.jpg,3
1250,AM1603.jpg,6
1251,CF298.jpg,3
1252,CM328.jpg,2
1253,AF580.jpg,3
1254,CM570.jpg,4
1255,AM510.jpg,3
1256,CM19.jpg,5
1257,AM708.jpg,1
1258,AM898.jpg,2
1259,AF1806.jpg,6
1260,AM1071.jpg,2
1261,AM1379.jpg,2
1262,AF688.jpg,1
1263,AM766.jpg,3
1264,AF1937.jpg,4
1265,CF307.jpg,4
1266,AF1713.jpg,5
1267,CM701.jpg,6
1268,AM1333.jpg,3
1269,AM112.jpg,6
1270,CF283.jpg,3
1271,AF941.jpg,1
1272,AM759.jpg,3
1273,AM780.jpg,3
1274,AM1803.jpg,3
1275,CF93.jpg,5
1276,AM976.jpg,1
1277,CF10.jpg,5
1278,AM1486.jpg,3
1279,CM494.jpg,3
1280,AM1866.jpg,4
1281,AM383.jpg,3
1282,AF1887.jpg,5
1283,CM632.jpg,2
1284,CM617.jpg,3
1285,CF457.jpg,3
1286,AM1794.jpg,3
1287,AM1697.jpg,6
1288,CF88.jpg,3
1289,AF1154.jpg,6
1290,CM218.jpg,3
1291,CM150.jpg,3
1292,AM535.jpg,2
1293,AF614.jpg,4
1294,CF293.jpg,4
1295,CM533.jpg,3
1296,AM1406.jpg,3
1297,CF211.jpg,2
1298,AF1969.jpg,4
1299,AF1984.jpg,2
1300,CF387.jpg,2
1301,AF730.jpg,3
1302,CF314.jpg,1
1303,CF60.jpg,3
1304,AM965.jpg,3
1305,AM187.jpg,5
1306,AM1577.jpg,3
1307,AF1432.jpg,4
1308,AF1285.jpg,5
1309,AM980.jpg,2
1310,AF1837.jpg,6
1311,AM841.jpg,3
1312,AM1115.jpg,3
1313,AM1614.jpg,6
1314,AM1265.jpg,2
1315,AF1489.jpg,4
1316,CM99.jpg,3
1317,AM1211.jpg,2
1318,AM297.jpg,2
1319,AF1097.jpg,2
1320,AM1282.jpg,2
1321,AF555.jpg,3
1322,AF934.jpg,5
1323,CF89.jpg,6
1324,CF69.jpg,4
1325,AF1521.jpg,5
1326,AM914.jpg,2
1327,AM1310.jpg,3
1328,CF100.jpg,2
1329,AF745.jpg,3
1330,CM139.jpg,2
1331,AF414.jpg,2
1332,AF619.jpg,3
1333,CM135.jpg,3
1334,AF385.jpg,2
1335,CF428.jpg,3
1336,AF300.jpg,6
1337,AF1403.jpg,6
1338,AM1457.jpg,3
1339,CF158.jpg,2
1340,AF746.jpg,4
1341,CF520.jpg,4
1342,CM145.jpg,2
1343,AM549.jpg,1
1344,CF543.jpg,3
1345,CM480.jpg,3
1346,AF991.jpg,3
1347,AF1137.jpg,3
1348,AF55.jpg,2
1349,AF282.jpg,3
1350,AF582.jpg,5
1351,CM559.jpg,2
1352,CM501.jpg,3
1353,AF1657.jpg,4
1354,AF1854.jpg,4
1355,AF190.jpg,2
1356,AF1288.jpg,4
1357,AF259.jpg,2
1358,AM1857.jpg,5
1359,AF1218.jpg,4
1360,AM1082.jpg,2
1361,AF740.jpg,3
1362,AF479.jpg,3
1363,AF355.jpg,3
1364,AF1476.jpg,6
1365,CF662.jpg,6
1366,AF1866.jpg,0
1367,AM1275.jpg,2
1368,CF511.jpg,2
1369,AM1294.jpg,2
1370,CM80.jpg,2
1371,AM1949.jpg,4
1372,CF74.jpg,2
1373,CF468.jpg,3
1374,AF536.jpg,1
1375,AF583.jpg,3
1376,AF1381.jpg,5
1377,AF1809.jpg,3
1378,AM1225.jpg,2
1379,CM655.jpg,6
1380,AM794.jpg,3
1381,AM1536.jpg,3
1382,AF928.jpg,6
1383,CM30.jpg,6
1384,CM418.jpg,2
1385,AM1859.jpg,3
1386,AM1018.jpg,3
1387,AM212.jpg,3
1388,AM278.jpg,3
1389,AF274.jpg,3
1390,AM571.jpg,2
1391,CF87.jpg,2
1392,AF950.jpg,5
1393,AF1847.jpg,4
1394,AM471.jpg,2
1395,AF1870.jpg,3
1396,CM451.jpg,3
1397,AF1303.jpg,5
1398,AM1126.jpg,2
1399,AF33.jpg,3
1400,AM1056.jpg,3
1401,CF723.jpg,4
1402,AM587.jpg,3
1403,AM1078.jpg,2
1404,AM613.jpg,3
1405,AM1440.jpg,2
1406,CF92.jpg,4
1407,AF731.jpg,5
1408,AM1164.jpg,3
1409,AM629.jpg,3
1410,AF165.jpg,3
1411,AM1912.jpg,3
1412,AM1022.jpg,1
1413,AM697.jpg,3
1414,AM999.jpg,2
1415,AF1608.jpg,4
1416,CF242.jpg,7
1417,AF1735.jpg,5
1418,AM1507.jpg,3
1419,AF645.jpg,3
1420,AF800.jpg,2
1421,CF295.jpg,5
1422,AF853.jpg,3
1423,AF1919.jpg,6
1424,AM527.jpg,3
1425,AM1637.jpg,4
1426,CM209.jpg,3
1427,AF907.jpg,2
1428,AM1122.jpg,2
1429,AM1092.jpg,4
1430,AF1302.jpg,5
1431,CM124.jpg,3
1432,AF605.jpg,3
1433,AF1078.jpg,4
1434,AM633.jpg,3
1435,AF1665.jpg,5
1436,AF1739.jpg,2
1437,AF1405.jpg,6
1438,AM668.jpg,3
1439,AF1132.jpg,4
1440,CM234.jpg,6
1441,AM592.jpg,5
1442,CF539.jpg,3
1443,CM382.jpg,3
1444,AM1219.jpg,4
1445,AM982.jpg,3
1446,AF1745.jpg,3
1447,AM1143.jpg,2
1448,AM407.jpg,2
1449,CM359.jpg,3
1450,AF782.jpg,3
1451,AF1410.jpg,4
1452,AM736.jpg,3
1453,CM474.jpg,3
1454,AM40.jpg,6
1455,AM1463.jpg,2
1456,CM222.jpg,3
1457,AM1137.jpg,4
1458,AF841.jpg,2
1459,AM1206.jpg,2
1460,CF506.jpg,4
1461,AM1086.jpg,4
1462,AM606.jpg,3
1463,AF493.jpg,3
1464,AF1762.jpg,5
1465,AF1101.jpg,5
1466,AF62.jpg,3
1467,AM10.jpg,0
1468,AF484.jpg,5
1469,AM1461.jpg,5
1470,AF487.jpg,3
1471,AF885.jpg,6
1472,AM716.jpg,3
1473,CM713.jpg,6
1474,CF682.jpg,6
1475,AM844.jpg,3
1476,CF326.jpg,4
1477,CF175.jpg,3
1478,AM1755.jpg,4
1479,AF1633.jpg,1
1480,CM405.jpg,4
1481,AF1457.jpg,5
1482,AM306.jpg,4
1483,AM1514.jpg,3
1484,AF1453.jpg,0
1485,AF1195.jpg,4
1486,CM520.jpg,3
1487,CF86.jpg,3
1488,CM331.jpg,4
1489,AM1227.jpg,2
1490,AM1592.jpg,5
1491,AF406.jpg,3
1492,AF1473.jpg,3
1493,CM103.jpg,4
1494,AM88.jpg,5
1495,AM1673.jpg,5
1496,CF591.jpg,6
1497,AF96.jpg,4
1498,AM1864.jpg,5
1499,AM1426.jpg,2
1500,AM742.jpg,3
1501,AM29.jpg,5
1502,AF1166.jpg,5
1503,AF1279.jpg,6
1504,CM37.jpg,3
1505,AM836.jpg,3
1506,AM508.jpg,4
1507,AM1994.jpg,6
1508,AF343.jpg,3
1509,AM1726.jpg,5
1510,AF713.jpg,3
1511,CM128.jpg,2
1512,AF1564.jpg,5
1513,AF1105.jpg,1
1514,AF1546.jpg,5
1515,AM490.jpg,3
1516,AF1581.jpg,6
1517,AM1327.jpg,3
1518,AM1331.jpg,3
1519,AM923.jpg,2
1520,AM1595.jpg,5
1521,CM625.jpg,3
1522,CM744.jpg,5
1523,AM399.jpg,3
1524,AM460.jpg,4
1525,CF644.jpg,5
1526,CM722.jpg,6
1527,AF1613.jpg,6
1528,AF237.jpg,3
1529,AF978.jpg,2
1530,AF886.jpg,2
1531,AM1034.jpg,2
1532,AM628.jpg,3
1533,CF186.jpg,2
1534,AF1968.jpg,1
1535,AM1548.jpg,2
1536,AF287.jpg,1
1537,CM310.jpg,3
1538,CF185.jpg,3
1539,AF559.jpg,3
1540,AF1383.jpg,2
1541,CF445.jpg,3
1542,AM118.jpg,6
1543,AM165.jpg,3
1544,AM858.jpg,3
1545,CM130.jpg,3
1546,AF1890.jpg,0
1547,AF1336.jpg,5
1548,AM67.jpg,4
1549,AM48.jpg,6
1550,AF1318.jpg,6
1551,CM372.jpg,3
1552,CF391.jpg,5
1553,AM824.jpg,2
1554,AF499.jpg,4
1555,AF268.jpg,4
1556,CM489.jpg,3
1557,CF701.jpg,6
1558,CM387.jpg,3
1559,CF531.jpg,3
1560,AF868.jpg,2
1561,CF651.jpg,5
1562,AM1482.jpg,2
1563,AM1287.jpg,2
1564,AF407.jpg,4
1565,CM478.jpg,4
1566,AM705.jpg,3
1567,AF1862.jpg,4
1568,CM278.jpg,5
1569,AM1001.jpg,2
1570,AF1323.jpg,3
1571,AF91.jpg,3
1572,AF1671.jpg,5
1573,AF193.jpg,2
1574,AM1720.jpg,6
1575,AF147.jpg,2
1576,AM1150.jpg,2
1577,AM1295.jpg,2
1578,AM119.jpg,5
1579,AF1656.jpg,6
1580,AM554.jpg,3
1581,CM472.jpg,3
1582,CM50.jpg,4
1583,AM233.jpg,3
1584,AF1944.jpg,4
1585,AF849.jpg,3
1586,AF1696.jpg,6
1587,AM1131.jpg,2
1588,AF1974.jpg,3
1589,AF940.jpg,4
1590,AM1140.jpg,3
1591,CM172.jpg,4
1592,AM1338.jpg,2
1593,AM920.jpg,2
1594,AF1523.jpg,5
1595,AM1624.jpg,7
1596,AM1981.jpg,5
1597,AM1458.jpg,1
1598,AF436.jpg,2
1599,CM254.jpg,3
1600,AF965.jpg,3
1601,AF644.jpg,3
1602,CF441.jpg,3
1603,AM1895.jpg,6
1604,AM1921.jpg,3
1605,CF617.jpg,4
1606,AF871.jpg,3
1607,CM153.jpg,2
1608,AM476.jpg,3
1609,CM104.jpg,3
1610,AF1041.jpg,2
1611,CM5.jpg,3
1612,CM95.jpg,2
1613,AF858.jpg,5
1614,CF105.jpg,3
1615,AF1194.jpg,6
1616,AF1315.jpg,3
1617,AM270.jpg,3
1618,AM677.jpg,3
1619,CF160.jpg,2
1620,AM1696.jpg,6
1621,AM735.jpg,1
1622,AF617.jpg,2
1623,AM671.jpg,2
1624,AF774.jpg,3
1625,AF1211.jpg,6
1626,AM17.jpg,4
1627,AF256.jpg,3
1628,AM367.jpg,3
1629,AM328.jpg,3
1630,AF448.jpg,3
1631,CM620.jpg,1
1632,AM856.jpg,2
1633,AF1.jpg,2
1634,AF1983.jpg,5
1635,AF918.jpg,2
1636,AM809.jpg,2
1637,AF660.jpg,3
1638,AF1076.jpg,0
1639,CF490.jpg,3
1640,AM1552.jpg,3
1641,AM1004.jpg,2
1642,AF97.jpg,2
1643,AF1831.jpg,3
1644,AM891.jpg,3
1645,AF1273.jpg,0
1646,AM434.jpg,4
1647,AF1685.jpg,5
1648,CF335.jpg,4
1649,AM539.jpg,2
1650,AF647.jpg,5
1651,AM785.jpg,3
1652,AM1045.jpg,2
1653,CF362.jpg,4
1654,AF1532.jpg,5
1655,AF1248.jpg,4
1656,AF568.jpg,2
1657,AM1037.jpg,2
1658,AF943.jpg,2
1659,AM524.jpg,2
1660,AM1825.jpg,2
1661,CF178.jpg,3
1662,CM456.jpg,2
1663,AM1669.jpg,4
1664,AM1160.jpg,2
1665,CM27.jpg,4
1666,AM972.jpg,3
1667,CF102.jpg,4
1668,AM1870.jpg,3
1669,CM347.jpg,2
1670,AF962.jpg,5
1671,AM1118.jpg,2
1672,AF826.jpg,3
1673,AF854.jpg,3
1674,AM1999.jpg,4
1675,CF669.jpg,6
1676,AF1874.jpg,4
1677,AM1257.jpg,3
1678,AM1792.jpg,4
1679,AM1750.jpg,5
1680,AM1386.jpg,4
1681,CM258.jpg,4
1682,AM1095.jpg,6
1683,AF317.jpg,5
1684,AM342.jpg,3
1685,CM544.jpg,3
1686,AM1958.jpg,2
1687,CM183.jpg,5
1688,AM1525.jpg,2
1689,AF1513.jpg,5
1690,AM925.jpg,3
1691,AM1258.jpg,3
1692,CM698.jpg,4
1693,AF1857.jpg,6
1694,AF834.jpg,3
1695,AF1429.jpg,5
1696,AF257.jpg,2
1697,AM1979.jpg,4
1698,AM420.jpg,2
1699,AF942.jpg,6
1700,AF1210.jpg,3
1701,AM129.jpg,6
1702,AM238.jpg,2
1703,CM67.jpg,3
1704,AM1123.jpg,2
1705,AM1635.jpg,5
1706,CF203.jpg,2
1707,AM877.jpg,2
1708,AF829.jpg,2
1709,CF577.jpg,6
1710,AF447.jpg,5
1711,CF537.jpg,4
1712,AM1270.jpg,2
1713,AM1760.jpg,6
1714,CF589.jpg,6
1715,CM464.jpg,2
1716,AM484.jpg,3
1717,CF386.jpg,4
1718,AF1275.jpg,5
1719,AM380.jpg,3
1720,CM38.jpg,5
1721,AF692.jpg,2
1722,AF616.jpg,2
1723,AF1379.jpg,3
1724,CM586.jpg,3
1725,CM585.jpg,3
1726,AM1380.jpg,3
1727,AF1947.jpg,4
1728,AM1353.jpg,2
1729,CF80.jpg,3
1730,AM973.jpg,3
1731,AM651.jpg,3
1732,AM320.jpg,6
1733,AM1144.jpg,2
1734,AF1349.jpg,2
1735,AF1308.jpg,5
1736,AM1502.jpg,3
1737,AF820.jpg,3
1738,AM257.jpg,3
1739,AF1588.jpg,5
1740,CM688.jpg,6
1741,CM311.jpg,3
1742,CF157.jpg,3
1743,AF1253.jpg,6
1744,AF1856.jpg,6
1745,AM1017.jpg,2
1746,AF749.jpg,3
1747,CF590.jpg,5
1748,AM1197.jpg,2
1749,CM628.jpg,3
1750,AF1344.jpg,5
1751,CM186.jpg,6
1752,AF218.jpg,2
1753,CM750.jpg,4
1754,AM1888.jpg,4
1755,AF799.jpg,4
1756,AF1196.jpg,5
1757,AM201.jpg,4
1758,AF350.jpg,2
1759,AM415.jpg,3
1760,AF1823.jpg,5
1761,CF460.jpg,3
1762,CM692.jpg,6
1763,CM406.jpg,4
1764,CM678.jpg,6
1765,AF1759.jpg,5
1766,AF201.jpg,3
1767,AF675.jpg,6
1768,AM1676.jpg,4
1769,AM659.jpg,3
1770,AM271.jpg,1
1771,AF294.jpg,3
1772,CM691.jpg,5
1773,AF323.jpg,3
1774,AF437.jpg,4
1775,CM149.jpg,3
1776,CM715.jpg,5
1777,AF1693.jpg,5
1778,AM1522.jpg,2
1779,AM725.jpg,3
1780,AM1940.jpg,6
1781,AM1306.jpg,3
1782,AM940.jpg,3
1783,AF1264.jpg,3
1784,AM1930.jpg,6
1785,AM181.jpg,3
1786,AM1470.jpg,5
1787,CM423.jpg,3
1788,AM1700.jpg,6
1789,AM1445.jpg,3
1790,AF967.jpg,5
1791,AM1332.jpg,2
1792,AF1374.jpg,6
1793,CF162.jpg,1
1794,AM774.jpg,3
1795,CF5.jpg,5
1796,AF1567.jpg,6
1797,AF827.jpg,3
1798,AM1324.jpg,3
1799,AM179.jpg,2
1800,AM1689.jpg,6
1801,CF377.jpg,4
1802,AF481.jpg,2
1803,AF1428.jpg,5
1804,AF1404.jpg,3
1805,CF127.jpg,3
1806,AF1961.jpg,3
1807,CM555.jpg,3
1808,CF6.jpg,6
1809,AF1328.jpg,5
1810,CF516.jpg,4
1811,AF501.jpg,5
1812,AM1242.jpg,1
1813,AM562.jpg,3
1814,AM1808.jpg,5
1815,AF1165.jpg,4
1816,AM767.jpg,3
1817,AM1402.jpg,4
1818,CF455.jpg,6
1819,AF1709.jpg,4
1820,AM92.jpg,3
1821,AF383.jpg,2
1822,AF1619.jpg,1
1823,CF390.jpg,3
1824,CM528.jpg,5
1825,CM732.jpg,6
1826,CF322.jpg,2
1827,AM15.jpg,5
1828,CM116.jpg,3
1829,AF229.jpg,3
1830,AM4.jpg,4
1831,CF398.jpg,4
1832,CF376.jpg,2
1833,AF1918.jpg,3
1834,CM118.jpg,2
1835,AF252.jpg,3
1836,AF1342.jpg,6
1837,CM227.jpg,3
1838,AM559.jpg,3
1839,AM1185.jpg,3
1840,AM1317.jpg,3
1841,AF1609.jpg,5
1842,AF471.jpg,4
1843,AM854.jpg,3
1844,AM819.jpg,3
1845,CF131.jpg,4
1846,AM1849.jpg,3
1847,AM534.jpg,3
1848,AF1763.jpg,5
1849,AF369.jpg,4
1850,AF1575.jpg,4
1851,AF679.jpg,3
1852,CM280.jpg,3
1853,AM423.jpg,3
1854,AM747.jpg,3
1855,AF319.jpg,4
1856,AM1345.jpg,3
1857,AM273.jpg,2
1858,AM1235.jpg,2
1859,AM1497.jpg,4
1860,AM469.jpg,3
1861,AM1578.jpg,4
1862,CF450.jpg,4
1863,CF101.jpg,2
1864,AM1926.jpg,5
1865,AM1812.jpg,3
1866,CF475.jpg,4
1867,AM1051.jpg,3
1868,AF413.jpg,1
1869,AM1167.jpg,3
1870,AM1842.jpg,5
1871,AF1460.jpg,5
1872,AM1351.jpg,3
1873,AM90.jpg,1
1874,CM290.jpg,3
1875,AM749.jpg,3
1876,AF1012.jpg,3
1877,AF599.jpg,3
1878,AF632.jpg,2
1879,AM130.jpg,5
1880,CM643.jpg,4
1881,AM103.jpg,4
1882,AF289.jpg,2
1883,AF466.jpg,3
1884,AF454.jpg,3
1885,AF1401.jpg,6
1886,AM163.jpg,2
1887,AM412.jpg,3
1888,AM1781.jpg,3
1889,CF401.jpg,3
1890,CF159.jpg,2
1891,AF269.jpg,5
1892,AF122.jpg,2
1893,AF1714.jpg,5
1894,AF155.jpg,3
1895,AF1498.jpg,6
1896,AM1027.jpg,2
1897,AF830.jpg,3
1898,AF922.jpg,1
1899,AM1941.jpg,5
1900,AM979.jpg,2
1901,AM1788.jpg,2
1902,AF1333.jpg,6
1903,AM418.jpg,1
1904,AF1770.jpg,6
1905,CM255.jpg,4
1906,CF642.jpg,6
1907,CM85.jpg,3
1908,AM252.jpg,2
1909,AF260.jpg,2
1910,AM1549.jpg,2
1911,CF83.jpg,3
1912,AF357.jpg,3
1913,AF1950.jpg,3
1914,CF512.jpg,3
1915,AM78.jpg,4
1916,AF661.jpg,2
1917,AF1885.jpg,3
1918,AF1236.jpg,6
1919,CF465.jpg,3
1920,AF1446.jpg,5
1921,AF203.jpg,5
1922,CM395.jpg,3
1923,AF1485.jpg,3
1924,AM699.jpg,4
1925,AF102.jpg,3
1926,AF23.jpg,4
1927,AM47.jpg,4
1928,AF103.jpg,3
1929,CF29.jpg,3
1930,AM1748.jpg,3
1931,AM442.jpg,3
1932,AF916.jpg,4
1933,AF1767.jpg,5
1934,CM318.jpg,3
1935,AM1699.jpg,7
1936,AF1793.jpg,6
1937,AF451.jpg,4
1938,AM548.jpg,3
1939,AM1072.jpg,4
1940,CM277.jpg,3
1941,AM1821.jpg,4
1942,CM166.jpg,2
1943,CM142.jpg,4
1944,CF310.jpg,3
1945,AF1141.jpg,4
1946,AF1356.jpg,4
1947,CM309.jpg,6
1948,CM369.jpg,3
1949,CM322.jpg,4
1950,CF196.jpg,3
1951,CM132.jpg,3
1952,CF8.jpg,7
1953,AF1339.jpg,4
1954,AF1623.jpg,5
1955,AM599.jpg,2
1956,AM566.jpg,2
1957,AF1043.jpg,3
1958,AM1838.jpg,7
1959,AM1053.jpg,3
1960,CF613.jpg,6
1961,AM57.jpg,4
1962,CM610.jpg,4
1963,AM293.jpg,2
1964,AF847.jpg,3
1965,AF795.jpg,3
1966,CM317.jpg,5
1967,AF460.jpg,3
1968,CM612.jpg,2
1969,AM477.jpg,4
1970,AM988.jpg,3
1971,CF251.jpg,1
1972,AF571.jpg,3
1973,AM911.jpg,3
1974,AM1570.jpg,6
1975,AM398.jpg,3
1976,AM198.jpg,4
1977,AM1616.jpg,6
1978,AM1599.jpg,5
1979,CF247.jpg,3
1980,AM1374.jpg,3
1981,CM637.jpg,6
1982,AM933.jpg,3
1983,AF128.jpg,3
1984,CF213.jpg,3
1985,AM1383.jpg,2
1986,CF367.jpg,4
1987,AM1139.jpg,2
1988,AM547.jpg,2
1989,AM87.jpg,5
1990,AF1031.jpg,6
1991,CM228.jpg,3
1992,AM1157.jpg,3
1993,AF1791.jpg,5
1994,AM1851.jpg,6
1995,CF500.jpg,3
1996,AF1929.jpg,5
1997,AM173.jpg,1
1998,CF463.jpg,3
1999,AM1046.jpg,2
2000,AM1096.jpg,4
2001,AM2.jpg,5
2002,AF1556.jpg,4
2003,CM208.jpg,4
2004,AF741.jpg,3
2005,CF372.jpg,4
2006,CM68.jpg,4
2007,AF1092.jpg,2
2008,AF1456.jpg,6
2009,CF91.jpg,1
2010,AF1716.jpg,4
2011,AF492.jpg,6
2012,AF1827.jpg,6
2013,AF373.jpg,3
2014,AF1641.jpg,0
2015,AF278.jpg,3
2016,CF585.jpg,5
2017,AM61.jpg,1
2018,AF192.jpg,2
2019,AF292.jpg,3
2020,AM910.jpg,2
2021,AM1213.jpg,2
2022,CM165.jpg,3
2023,AF716.jpg,1
2024,AF529.jpg,3
2025,AF1496.jpg,5
2026,CM414.jpg,4
2027,AM1371.jpg,3
2028,AM1751.jpg,5
2029,CM343.jpg,3
2030,AF1843.jpg,5
2031,AF231.jpg,3
2032,AM326.jpg,2
2033,AM672.jpg,4
2034,AF449.jpg,3
2035,CF140.jpg,3
2036,CM437.jpg,3
2037,AF1338.jpg,3
2038,AF1548.jpg,6
2039,AF423.jpg,3
2040,AM1452.jpg,2
2041,AM929.jpg,2
2042,AF1670.jpg,5
2043,AM1261.jpg,3
2044,AF539.jpg,5
2045,AF1797.jpg,4
2046,AM792.jpg,2
2047,AM144.jpg,4
2048,CM573.jpg,3
2049,CM627.jpg,3
2050,AF1408.jpg,5
2051,AM452.jpg,2
2052,CF108.jpg,2
2053,AM202.jpg,2
2054,AM91.jpg,3
2055,CF263.jpg,2
2056,CF413.jpg,3
2057,AF509.jpg,3
2058,CM497.jpg,4
2059,AF1431.jpg,5
2060,AM509.jpg,3
2061,AF1998.jpg,3
2062,CF104.jpg,3
2063,CF381.jpg,2
2064,CM740.jpg,5
2065,AF663.jpg,3
2066,AF117.jpg,2
2067,CM299.jpg,3
2068,AF988.jpg,2
2069,AM776.jpg,3
2070,AM779.jpg,2
2071,AF743.jpg,3
2072,AM105.jpg,4
2073,AF1435.jpg,3
2074,CF244.jpg,5
2075,CM449.jpg,3
2076,AM1694.jpg,4
2077,AF748.jpg,3
2078,AF1222.jpg,5
2079,AM885.jpg,2
2080,CM93.jpg,6
2081,AM1960.jpg,4
2082,AF1440.jpg,5
2083,AF1920.jpg,5
2084,AM608.jpg,3
2085,CF432.jpg,2
2086,AM1100.jpg,2
2087,AF1060.jpg,2
2088,CF524.jpg,3
2089,AM372.jpg,2
2090,AF669.jpg,4
2091,CM46.jpg,5
2092,AM1218.jpg,5
2093,AM782.jpg,3
2094,CM538.jpg,3
2095,AM155.jpg,5
2096,CM467.jpg,4
2097,CF182.jpg,3
2098,AF1967.jpg,1
2099,AF82.jpg,3
2100,AM1375.jpg,3
2101,CF369.jpg,3
2102,AF318.jpg,2
2103,CM738.jpg,5
2104,AM839.jpg,3
2105,CF359.jpg,3
2106,AM500.jpg,3
2107,AF515.jpg,4
2108,AM636.jpg,1
2109,CM477.jpg,3
2110,AM1959.jpg,5
2111,AF623.jpg,4
2112,CM143.jpg,4
2113,AF1901.jpg,6
2114,AM109.jpg,4
2115,AM1296.jpg,3
2116,CF698.jpg,5
2117,CF552.jpg,6
2118,AF1830.jpg,6
2119,CF652.jpg,5
2120,CM245.jpg,3
2121,AF1644.jpg,5
2122,AF1996.jpg,1
2123,CF601.jpg,5
2124,CF427.jpg,3
2125,AM975.jpg,3
2126,AM1050.jpg,4
2127,AM526.jpg,3
2128,AM461.jpg,2
2129,CM61.jpg,2
2130,AF1454.jpg,3
2131,CF179.jpg,3
2132,CM354.jpg,3
2133,AF1578.jpg,3
2134,AM284.jpg,1
2135,AM55.jpg,5
2136,CM43.jpg,3
2137,AF1330.jpg,6
2138,AF162.jpg,2
2139,AM1763.jpg,5
2140,AM209.jpg,5
2141,AM1489.jpg,2
2142,CM491.jpg,3
2143,CF94.jpg,2
2144,CF486.jpg,3
2145,CM97.jpg,4
2146,AM1023.jpg,2
2147,AF653.jpg,3
2148,AF210.jpg,2
2149,AF913.jpg,3
2150,AF959.jpg,4
2151,AF72.jpg,2
2152,AM440.jpg,1
2153,AF1387.jpg,6
2154,CM647.jpg,6
2155,AF1237.jpg,4
2156,AM882.jpg,3
2157,AM307.jpg,6
2158,AF1859.jpg,1
2159,AF1612.jpg,5
2160,AF212.jpg,3
2161,AM1662.jpg,6
2162,AF763.jpg,3
2163,CM429.jpg,3
2164,CM633.jpg,2
2165,AF708.jpg,1
2166,CM276.jpg,3
2167,AF1661.jpg,5
2168,AF926.jpg,5
2169,AM669.jpg,4
2170,AM755.jpg,3
2171,AF1257.jpg,6
2172,AF70.jpg,3
2173,AM1080.jpg,3
2174,AM1770.jpg,4
2175,AF127.jpg,3
2176,CM749.jpg,6
2177,AM788.jpg,3
2178,AM1717.jpg,5
2179,AM1733.jpg,5
2180,AF1306.jpg,2
2181,AM842.jpg,3
2182,AF1733.jpg,6
2183,CF288.jpg,4
2184,CF604.jpg,5
2185,AM1675.jpg,6
2186,CF555.jpg,6
2187,AM868.jpg,1
2188,AM1313.jpg,3
2189,AF535.jpg,3
2190,AM536.jpg,1
2191,AM1015.jpg,2
2192,AF233.jpg,3
2193,AM429.jpg,3
2194,AF1688.jpg,6
2195,CM47.jpg,3
2196,CM579.jpg,3
2197,AM618.jpg,3
2198,AF1046.jpg,2
2199,AM13.jpg,3
2200,AM798.jpg,4
2201,AF58.jpg,3
2202,AM1645.jpg,6
2203,AF234.jpg,2
2204,AM280.jpg,2
2205,AM1503.jpg,2
2206,AF1427.jpg,5
2207,AF1595.jpg,5
2208,CM35.jpg,3
2209,AF1732.jpg,6
2210,AF118.jpg,3
2211,AF1880.jpg,2
2212,AM777.jpg,3
2213,AF677.jpg,2
2214,AF1077.jpg,4
2215,AM1739.jpg,3
2216,CF728.jpg,6
2217,AF1520.jpg,4
2218,AF804.jpg,3
2219,CF464.jpg,2
2220,AM310.jpg,5
2221,AF600.jpg,4
2222,AF1471.jpg,4
2223,AF777.jpg,2
2224,CM725.jpg,5
2225,AM1604.jpg,5
2226,AF349.jpg,3
2227,CF440.jpg,4
2228,CM366.jpg,4
2229,AF1540.jpg,0
2230,AF1436.jpg,3
2231,AF267.jpg,1
2232,AF397.jpg,3
2233,AM133.jpg,4
2234,AF435.jpg,1
2235,AF807.jpg,3
2236,AM34.jpg,6
2237,AM458.jpg,3
2238,AM748.jpg,3
2239,CF431.jpg,3
2240,CM346.jpg,2
2241,AM400.jpg,3
2242,AF1148.jpg,5
2243,CM289.jpg,3
2244,AM717.jpg,2
2245,AM903.jpg,2
2246,AF1596.jpg,4
2247,AM1945.jpg,4
2248,AF714.jpg,3
2249,AF119.jpg,2
2250,CM204.jpg,3
2251,AM360.jpg,3
2252,AM710.jpg,3
2253,AM642.jpg,3
2254,AM464.jpg,3
2255,AM1352.jpg,3
2256,AF1780.jpg,5
2257,CF466.jpg,3
2258,CF235.jpg,3
2259,CM411.jpg,3
2260,AF402.jpg,4
2261,AF496.jpg,2
2262,AF150.jpg,2
2263,CM577.jpg,3
2264,AF755.jpg,6
2265,AM609.jpg,2
2266,CF303.jpg,3
2267,AM555.jpg,2
2268,AM1520.jpg,3
2269,CF581.jpg,6
2270,CM285.jpg,3
2271,AM1398.jpg,3
2272,AF981.jpg,3
2273,AF141.jpg,2
2274,CF26.jpg,4
2275,CM154.jpg,5
2276,AM1703.jpg,5
2277,AF307.jpg,2
2278,AM1499.jpg,3
2279,AM1538.jpg,3
2280,AF92.jpg,3
2281,CF548.jpg,6
2282,AM985.jpg,4
2283,AM934.jpg,2
2284,AF1313.jpg,3
2285,CF13.jpg,6
2286,AM448.jpg,2
2287,CF727.jpg,7
2288,AM1903.jpg,3
2289,AF1110.jpg,6
2290,AF1484.jpg,5
2291,CM158.jpg,3
2292,CM26.jpg,2
2293,AM137.jpg,6
2294,CM338.jpg,2
2295,AM1195.jpg,1
2296,AM881.jpg,2
2297,AM1085.jpg,3
2298,AF610.jpg,1
2299,AF1654.jpg,3
2300,AF1411.jpg,4
2301,AF1810.jpg,3
2302,AF1905.jpg,5
2303,CM266.jpg,4
2304,AM1798.jpg,4
2305,AM1989.jpg,6
2306,CM473.jpg,3
2307,CF55.jpg,5
2308,AF974.jpg,3
2309,CM365.jpg,3
2310,AF1232.jpg,4
2311,AM41.jpg,6
2312,AF1848.jpg,4
2313,AM1308.jpg,2
2314,CM506.jpg,5
2315,CM427.jpg,1
2316,AF1455.jpg,4
2317,AF1490.jpg,5
2318,AF1559.jpg,6
2319,CF341.jpg,4
2320,CF39.jpg,3
2321,AF1504.jpg,4
2322,AF1814.jpg,4
2323,CM535.jpg,5
2324,AM1965.jpg,3
2325,CM169.jpg,3
2326,AM189.jpg,5
2327,AF1821.jpg,4
2328,AF855.jpg,6
2329,AF1640.jpg,5
2330,AF850.jpg,5
2331,CM727.jpg,6
2332,AF1495.jpg,6
2333,AM507.jpg,3
2334,CF37.jpg,3
2335,AM1936.jpg,7
2336,CM114.jpg,3
2337,CM56.jpg,2
2338,CF184.jpg,3
2339,AF1096.jpg,2
2340,AM1434.jpg,2
2341,CF594.jpg,4
2342,CF364.jpg,3
2343,AF461.jpg,2
2344,AF298.jpg,2
2345,AF635.jpg,3
2346,AF1305.jpg,6
2347,AF1516.jpg,4
2348,CF331.jpg,2
2349,AF812.jpg,5
2350,AF726.jpg,4
2351,AF698.jpg,2
2352,CF248.jpg,2
2353,CM33.jpg,3
2354,AF1032.jpg,4
2355,AF842.jpg,3
2356,AM1839.jpg,3
2357,CF225.jpg,3
2358,AF17.jpg,3
2359,CM342.jpg,2
2360,AM1447.jpg,3
2361,AM331.jpg,2
2362,AM1136.jpg,3
2363,AF1801.jpg,5
2364,CF171.jpg,2
2365,AF324.jpg,3
2366,CF684.jpg,5
2367,AF768.jpg,4
2368,CF239.jpg,3
2369,AM835.jpg,3
2370,CM500.jpg,5
2371,AF1413.jpg,4
2372,CM401.jpg,3
2373,AF1162.jpg,6
2374,CF710.jpg,5
2375,AF63.jpg,1
2376,CM665.jpg,6
2377,CM275.jpg,3
2378,AF1994.jpg,3
2379,AM687.jpg,3
2380,AF819.jpg,3
2381,AF1855.jpg,4
2382,AF1145.jpg,2
2383,AM1026.jpg,2
2384,AM1464.jpg,6
2385,CM431.jpg,3
2386,CM596.jpg,2
2387,AF987.jpg,5
2388,AM886.jpg,3
2389,AF305.jpg,1
2390,CF433.jpg,2
2391,CF274.jpg,3
2392,AF386.jpg,4
2393,CF199.jpg,3
2394,AF1332.jpg,2
2395,AM1681.jpg,6
2396,AF1098.jpg,1
2397,AF1280.jpg,6
2398,AM791.jpg,3
2399,CF706.jpg,6
2400,AF1140.jpg,5
2401,AM737.jpg,3
2402,AM260.jpg,3
2403,AF1255.jpg,6
2404,AF80.jpg,3
2405,AF667.jpg,2
2406,CF693.jpg,5
2407,AM1615.jpg,4
2408,AM525.jpg,3
2409,AF1120.jpg,3
2410,CF240.jpg,3
2411,AM104.jpg,5
2412,AM753.jpg,2
2413,AF1010.jpg,3
2414,AM317.jpg,3
2415,CM367.jpg,2
2416,AM1297.jpg,2
2417,AM541.jpg,3
2418,AM59.jpg,6
2419,AM1724.jpg,6
2420,CM341.jpg,3
2421,AM815.jpg,2
2422,AM1567.jpg,6
2423,AM76.jpg,4
2424,AM639.jpg,3
2425,AM1422.jpg,3
2426,AF1005.jpg,2
2427,AM543.jpg,3
2428,AF1225.jpg,3
2429,AF1916.jpg,4
2430,CM728.jpg,6
2431,AM1925.jpg,5
2432,AM511.jpg,3
2433,AM1836.jpg,6
2434,AF15.jpg,3
2435,AM1784.jpg,5
2436,CF434.jpg,3
2437,AF1345.jpg,6
2438,AM1029.jpg,2
2439,AF254.jpg,4
2440,AM1793.jpg,3
2441,CM629.jpg,2
2442,AM875.jpg,3
2443,AM962.jpg,3
2444,AF1277.jpg,5
2445,CF280.jpg,2
2446,AM262.jpg,4
2447,CM17.jpg,6
2448,AF366.jpg,3
2449,AM1828.jpg,3
2450,CF236.jpg,2
2451,CM340.jpg,2
2452,AF353.jpg,2
2453,CM279.jpg,2
2454,AF442.jpg,3
2455,AM1014.jpg,1
2456,AF642.jpg,3
2457,AF1197.jpg,5
2458,CM720.jpg,6
2459,CF674.jpg,5
2460,AF1976.jpg,0
2461,AF540.jpg,3
2462,AF1175.jpg,6
2463,AF957.jpg,4
2464,AM323.jpg,3
2465,AM607.jpg,2
2466,AM74.jpg,1
2467,CM377.jpg,3
2468,AM1990.jpg,5
2469,AM404.jpg,3
2470,AM1711.jpg,4
2471,CM716.jpg,6
2472,AM1311.jpg,3
2473,AF1989.jpg,5
2474,AF1158.jpg,6
2475,AM620.jpg,3
2476,AM879.jpg,3
2477,AM1816.jpg,4
2478,AF1325.jpg,2
2479,CM684.jpg,4
2480,AM43.jpg,3
2481,AF1678.jpg,4
2482,AM125.jpg,5
2483,CM403.jpg,4
2484,AF1276.jpg,2
2485,AM1850.jpg,2
2486,AM168.jpg,3
2487,AF1487.jpg,4
2488,AM64.jpg,6
2489,CF408.jpg,4
2490,AF917.jpg,0
2491,AM744.jpg,3
2492,AM1446.jpg,3
2493,AF242.jpg,3
2494,AF560.jpg,2
2495,AM1479.jpg,2
2496,CM333.jpg,3
2497,CF579.jpg,5
2498,AM1827.jpg,3
2499,CM225.jpg,4
2500,CF569.jpg,5
2501,AM308.jpg,5
2502,AF664.jpg,2
2503,CM336.jpg,3
2504,AF497.jpg,2
2505,AM922.jpg,3
2506,CF505.jpg,4
2507,AF164.jpg,4
2508,AM1841.jpg,2
2509,CF722.jpg,5
2510,AM191.jpg,1
2511,AF1822.jpg,6
2512,AF939.jpg,1
2513,AF301.jpg,3
2514,CF189.jpg,4
2515,AF263.jpg,4
2516,AM438.jpg,3
2517,AF672.jpg,2
2518,AM1396.jpg,3
2519,AM866.jpg,3
2520,AM994.jpg,3
2521,AF1539.jpg,1
2522,AF296.jpg,3
2523,AM1683.jpg,4
2524,CF370.jpg,4
2525,CM452.jpg,2
2526,CF553.jpg,5
2527,CM144.jpg,2
2528,AM650.jpg,3
2529,CF336.jpg,3
2530,CM508.jpg,2
2531,AF110.jpg,4
2532,CM649.jpg,4
2533,AM1575.jpg,6
2534,AM1260.jpg,3
2535,AM1553.jpg,3
2536,AM1889.jpg,5
2537,AF621.jpg,3
2538,AM918.jpg,2
2539,AM1646.jpg,5
2540,AF1551.jpg,5
2541,AM244.jpg,2
2542,AM1117.jpg,3
2543,AF1913.jpg,3
2544,AF906.jpg,3
2545,AM1415.jpg,2
2546,CF665.jpg,5
2547,AM574.jpg,3
2548,CF443.jpg,2
2549,AM1568.jpg,6
2550,AM1565.jpg,6
2551,CM707.jpg,6
2552,AM601.jpg,3
2553,AM1395.jpg,3
2554,AF1121.jpg,1
2555,AM1012.jpg,2
2556,AF888.jpg,3
2557,CF657.jpg,5
2558,CM62.jpg,4
2559,AF1718.jpg,5
2560,AF1689.jpg,5
2561,AM1186.jpg,2
2562,CF479.jpg,3
2563,AM97.jpg,5
2564,AM254.jpg,2
2565,AM1630.jpg,6
2566,AM1412.jpg,3
2567,CF515.jpg,2
2568,CM420.jpg,5
2569,AF1366.jpg,5
2570,CF264.jpg,3
2571,CF681.jpg,5
2572,AF1050.jpg,4
2573,CM674.jpg,5
2574,AM1208.jpg,2
2575,AF1518.jpg,4
2576,AF1869.jpg,4
2577,AF1202.jpg,4
2578,CM690.jpg,6
2579,CM31.jpg,3
2580,AM1130.jpg,2
2581,AF1419.jpg,5
2582,AM431.jpg,4
2583,AM1508.jpg,3
2584,AF43.jpg,2
2585,AF738.jpg,6
2586,AM397.jpg,2
2587,AF867.jpg,6
2588,CM475.jpg,3
2589,AF427.jpg,2
2590,CM174.jpg,5
2591,AM1021.jpg,3
2592,AF390.jpg,3
2593,AM1722.jpg,4
2594,AF1748.jpg,5
2595,AM1944.jpg,6
2596,AF1702.jpg,2
2597,AM1041.jpg,4
2598,AM634.jpg,2
2599,AF1244.jpg,5
2600,AM1262.jpg,3
2601,AM1767.jpg,2
2602,AM1032.jpg,1
2603,CM303.jpg,3
2604,CM601.jpg,3
2605,AF1389.jpg,5
2606,AF1625.jpg,2
2607,AF1003.jpg,3
2608,CF416.jpg,2
2609,AF1836.jpg,4
2610,AF715.jpg,6
2611,CF210.jpg,3
2612,CF267.jpg,3
2613,AM1690.jpg,6
2614,AF558.jpg,2
2615,AF848.jpg,3
2616,AF1846.jpg,5
2617,AM28.jpg,6
2618,AM194.jpg,1
2619,AM1481.jpg,2
2620,AF157.jpg,2
2621,AM542.jpg,1
2622,AM679.jpg,2
2623,AF1740.jpg,6
2624,AM1541.jpg,3
2625,AF1747.jpg,5
2626,CF504.jpg,2
2627,AF1514.jpg,6
2628,AM169.jpg,1
2629,CM597.jpg,4
2630,CF518.jpg,2
2631,AF452.jpg,3
2632,CM66.jpg,5
2633,AF880.jpg,5
2634,AM1273.jpg,3
2635,AF177.jpg,1
2636,CF126.jpg,3
2637,CM529.jpg,2
2638,AM19.jpg,3
2639,AM1093.jpg,4
2640,AM1377.jpg,2
2641,CM469.jpg,3
2642,AM1173.jpg,1
2643,AF636.jpg,5
2644,AF1026.jpg,5
2645,AF822.jpg,2
2646,AF219.jpg,2
2647,AM1207.jpg,2
2648,AM1971.jpg,6
2649,AM1393.jpg,3
2650,AM1769.jpg,5
2651,AM1826.jpg,3
2652,AM803.jpg,3
2653,CF234.jpg,2
2654,AM69.jpg,3
2655,AM655.jpg,3
2656,AM1127.jpg,3
2657,AM1035.jpg,2
2658,AM304.jpg,6
2659,AM1399.jpg,3
2660,AM700.jpg,2
2661,AF784.jpg,4
2662,AF1268.jpg,6
2663,CF673.jpg,6
2664,AM1556.jpg,3
2665,CF147.jpg,2
2666,AM1937.jpg,5
2667,AF151.jpg,2
2668,AM66.jpg,4
2669,AM9.jpg,5
2670,CM561.jpg,4
2671,AM821.jpg,1
2672,AM1133.jpg,3
2673,AM449.jpg,2
2674,AM327.jpg,4
2675,AM1587.jpg,7
2676,CM721.jpg,6
2677,AF1891.jpg,6
2678,AF400.jpg,3
2679,AF725.jpg,3
2680,CF57.jpg,5
2681,CF509.jpg,3
2682,CM23.jpg,6
2683,AM275.jpg,3
2684,CM235.jpg,3
2685,CF627.jpg,6
2686,AM1512.jpg,3
2687,AM1196.jpg,2
2688,CM70.jpg,3
2689,AM517.jpg,3
2690,AM830.jpg,2
2691,AM135.jpg,2
2692,AF1282.jpg,4
2693,CF368.jpg,3
2694,AF1261.jpg,5
2695,AM1661.jpg,6
2696,AF951.jpg,3
2697,CF410.jpg,3
2698,AM1180.jpg,3
2699,CM257.jpg,2
2700,AM814.jpg,2
2701,CF708.jpg,6
2702,AM670.jpg,2
2703,AM832.jpg,2
2704,AF727.jpg,4
2705,CM656.jpg,6
2706,AM690.jpg,2
2707,CF374.jpg,5
2708,CF471.jpg,3
2709,AM1712.jpg,6
2710,AM778.jpg,3
2711,AM1070.jpg,3
2712,CM495.jpg,2
2713,CM219.jpg,4
2714,AM1891.jpg,5
2715,CF141.jpg,5
2716,AM1388.jpg,3
2717,AF1610.jpg,6
2718,AM1534.jpg,2
2719,AM329.jpg,3
2720,AF1472.jpg,5
2721,CF715.jpg,5
2722,AF1267.jpg,4
2723,AM683.jpg,3
2724,AF2.jpg,5
2725,AF465.jpg,2
2726,AM674.jpg,2
2727,AF1512.jpg,3
2728,AM662.jpg,3
2729,AF857.jpg,2
2730,AM192.jpg,3
2731,AM1562.jpg,5
2732,AM200.jpg,2
2733,AM1666.jpg,5
2734,CF469.jpg,2
2735,AM146.jpg,3
2736,AF985.jpg,1
2737,AF1422.jpg,5
2738,AF1321.jpg,1
2739,CF356.jpg,3
2740,AF1265.jpg,6
2741,AF637.jpg,3
2742,CF58.jpg,2
2743,AM453.jpg,3
2744,AM1490.jpg,2
2745,AF1817.jpg,4
2746,AM1322.jpg,2
2747,AM389.jpg,1
2748,CF536.jpg,5
2749,AM1354.jpg,2
2750,AF1872.jpg,4
2751,CM446.jpg,2
2752,CF480.jpg,5
2753,CM584.jpg,2
2754,CF21.jpg,6
2755,AF1715.jpg,3
2756,CM147.jpg,2
2757,AM247.jpg,5
2758,AM1780.jpg,4
2759,CM425.jpg,4
2760,AF1834.jpg,5
2761,AF1069.jpg,4
2762,AM1443.jpg,2
2763,AF1743.jpg,3
2764,CM207.jpg,2
2765,AM1796.jpg,5
2766,CM618.jpg,4
2767,CM693.jpg,5
2768,AF873.jpg,3
2769,AF356.jpg,4
2770,CF296.jpg,4
2771,CM320.jpg,3
2772,CM246.jpg,4
2773,AM1359.jpg,2
2774,CM679.jpg,4
2775,CF705.jpg,5
2776,AF1415.jpg,1
2777,AM446.jpg,3
2778,AF199.jpg,3
2779,AF1851.jpg,3
2780,AF1957.jpg,4
2781,AM468.jpg,2
2782,AF1882.jpg,5
2783,AF1765.jpg,6
2784,AM1427.jpg,4
2785,AM1771.jpg,5
2786,AM1706.jpg,3
2787,AF213.jpg,5
2788,AM444.jpg,3
2789,CM482.jpg,4
2790,CM203.jpg,3
2791,AM724.jpg,1
2792,AF767.jpg,3
2793,AM36.jpg,6
2794,CM661.jpg,5
2795,CF99.jpg,5
2796,AM1246.jpg,3
2797,AM1008.jpg,2
2798,CF313.jpg,2
2799,AM1340.jpg,3
2800,AF1452.jpg,4
2801,AM998.jpg,3
2802,AF101.jpg,2
2803,AF1357.jpg,6
2804,CM60.jpg,3
2805,AM30.jpg,6
2806,CM226.jpg,2
2807,AM904.jpg,3
2808,CF253.jpg,4
2809,AF4.jpg,3
2810,AF99.jpg,3
2811,AM1285.jpg,2
2812,CF725.jpg,5
2813,AF458.jpg,3
2814,AM1629.jpg,6
2815,AM1773.jpg,6
2816,AM843.jpg,2
2817,AF654.jpg,3
2818,CF273.jpg,3
2819,AF482.jpg,3
2820,AM70.jpg,1
2821,AF1800.jpg,4
2822,AF1157.jpg,4
2823,CF554.jpg,6
2824,AM145.jpg,4
2825,AF810.jpg,3
2826,AM1822.jpg,5
2827,AF1133.jpg,4
2828,AF1129.jpg,6
2829,CF98.jpg,3
2830,AF1038.jpg,3
2831,AM1170.jpg,2
2832,AF405.jpg,3
2833,AF1620.jpg,5
2834,AM206.jpg,2
2835,AF139.jpg,2
2836,AF1664.jpg,4
2837,CM216.jpg,4
2838,AM1573.jpg,3
2839,AM139.jpg,7
2840,CF383.jpg,3
2841,CF345.jpg,2
2842,AF920.jpg,3
2843,AM625.jpg,4
2844,CM507.jpg,4
2845,AM1431.jpg,3
2846,CM134.jpg,3
2847,CF342.jpg,4
2848,AM433.jpg,2
2849,AF507.jpg,3
2850,AM1617.jpg,5
2851,AM1168.jpg,2
2852,AF1645.jpg,4
2853,AM114.jpg,4
2854,AM1581.jpg,6
2855,AF980.jpg,5
2856,CM121.jpg,2
2857,AF1599.jpg,4
2858,AM368.jpg,2
2859,AM1106.jpg,2
2860,AM924.jpg,3
2861,AF1582.jpg,6
2862,AF1902.jpg,5
2863,AM893.jpg,2
2864,AM385.jpg,2
2865,CM392.jpg,3
2866,AF76.jpg,3
2867,CM455.jpg,3
2868,CM605.jpg,3
2869,CM351.jpg,4
2870,CF82.jpg,3
2871,AF1909.jpg,4
2872,CM461.jpg,4
2873,CM307.jpg,2
2874,CM267.jpg,4
2875,AM255.jpg,3
2876,AM997.jpg,3
2877,CM611.jpg,3
2878,AF1565.jpg,4
2879,AM851.jpg,2
2880,AF607.jpg,3
2881,CM516.jpg,3
2882,AM761.jpg,3
2883,AF182.jpg,2
2884,AM1939.jpg,5
2885,AM597.jpg,3
2886,AF170.jpg,2
2887,AM790.jpg,2
2888,AF694.jpg,1
2889,AF1598.jpg,5
2890,AM1714.jpg,4
2891,AM971.jpg,2
2892,AM1113.jpg,3
2893,AM1886.jpg,4
2894,AM1588.jpg,5
2895,AF655.jpg,4
2896,AM1907.jpg,4
2897,AM738.jpg,3
2898,AM443.jpg,2
2899,AF752.jpg,2
2900,AM1188.jpg,2
2901,CM325.jpg,3
2902,AM1942.jpg,4
2903,AM586.jpg,3
2904,CM176.jpg,3
2905,AM590.jpg,3
2906,CM64.jpg,2
2907,AM799.jpg,2
2908,AF1206.jpg,4
2909,CM541.jpg,3
2910,AF1602.jpg,5
2911,AF1322.jpg,3
2912,AF154.jpg,4
2913,AF1160.jpg,5
2914,CM108.jpg,5
2915,AF816.jpg,3
2916,CM52.jpg,3
2917,AF665.jpg,3
2918,CF241.jpg,2
2919,CF285.jpg,3
2920,AF671.jpg,3
2921,CM112.jpg,3
2922,CF51.jpg,2
2923,CM705.jpg,6
2924,AM381.jpg,4
2925,AF1502.jpg,5
2926,AM27.jpg,6
2927,AF1970.jpg,3
2928,AM581.jpg,4
2929,AF1536.jpg,5
2930,AM2000.jpg,4
2931,AM243.jpg,3
2932,AM220.jpg,2
2933,AF609.jpg,2
2934,CF729.jpg,5
2935,AF1601.jpg,6
2936,AF970.jpg,3
2937,AF1478.jpg,5
2938,AF1188.jpg,3
2939,AM494.jpg,3
2940,AF1503.jpg,3
2941,AM482.jpg,3
2942,CF132.jpg,3
2943,AM1077.jpg,3
2944,AM845.jpg,3
2945,AF228.jpg,2
2946,AF68.jpg,3
2947,CM242.jpg,3
2948,CF355.jpg,2
2949,AM1236.jpg,2
2950,CM12.jpg,6
2951,AF1655.jpg,4
2952,AM1223.jpg,3
2953,CF130.jpg,3
2954,AF732.jpg,3
2955,AF1007.jpg,3
2956,AM689.jpg,3
2957,AM1572.jpg,6
2958,AF990.jpg,2
2959,AF1177.jpg,5
2960,CF46.jpg,2
2961,AM1892.jpg,6
2962,AF1310.jpg,2
2963,AM72.jpg,5
2964,AM208.jpg,6
2965,AM73.jpg,1
2966,CF709.jpg,5
2967,AF1270.jpg,6
2968,AF1711.jpg,5
2969,AF968.jpg,2
2970,AF511.jpg,3
2971,AM357.jpg,6
2972,AF1673.jpg,5
2973,CM718.jpg,6
2974,AF572.jpg,4
2975,CF560.jpg,4
2976,AM193.jpg,6
2977,AF723.jpg,3
2978,AF1102.jpg,5
2979,AM63.jpg,6
2980,AM1149.jpg,1
2981,CM10.jpg,5
2982,AF1878.jpg,5
2983,AM654.jpg,3
2984,AM1259.jpg,3
2985,AF1364.jpg,5
2986,CM399.jpg,3
2987,CM69.jpg,3
2988,AM560.jpg,3
2989,AF739.jpg,2
2990,AF932.jpg,4
2991,AM1639.jpg,6
2992,CM582.jpg,2
2993,CF118.jpg,1
2994,AM1738.jpg,5
2995,AM1833.jpg,5
2996,CM614.jpg,2
2997,AF1497.jpg,3
2998,AM25.jpg,6
2999,AF1067.jpg,3
3000,CM588.jpg,2
3001,CM125.jpg,2
3002,AM829.jpg,3
3003,CM250.jpg,4
3004,AF1174.jpg,7
3005,AM984.jpg,4
3006,CF588.jpg,5
3007,CF276.jpg,3
3008,AF392.jpg,3
3009,AF1271.jpg,4
3010,AF997.jpg,5
3011,AM838.jpg,1
3012,CM324.jpg,3
3013,AM225.jpg,2
3014,CF167.jpg,4
3015,AF433.jpg,5
3016,AM1564.jpg,6
3017,AM531.jpg,3
3018,AM1505.jpg,3
3019,AM1973.jpg,5
3020,AF1241.jpg,5
3021,AM33.jpg,2
3022,CM636.jpg,6
3023,AM1460.jpg,2
3024,AF1281.jpg,4
3025,CF426.jpg,3
3026,AF1084.jpg,1
3027,AM426.jpg,3
3028,AM50.jpg,4
3029,AF577.jpg,3
3030,AF1466.jpg,5
3031,AF1871.jpg,5
3032,AM450.jpg,2
3033,AF100.jpg,3
3034,CM300.jpg,3
3035,CM438.jpg,3
3036,AM1286.jpg,3
3037,CF587.jpg,6
3038,AF914.jpg,5
3039,AF1988.jpg,1
3040,AF238.jpg,3
3041,CM537.jpg,3
3042,AM197.jpg,2
3043,AF1760.jpg,2
3044,AM619.jpg,2
3045,AF1786.jpg,6
3046,AM1651.jpg,5
3047,CF686.jpg,6
3048,AM185.jpg,2
3049,AF325.jpg,3
3050,AM682.jpg,3
3051,AM1566.jpg,6
3052,AM1686.jpg,5
3053,CF243.jpg,5
3054,AF1819.jpg,3
3055,AM1469.jpg,5
3056,CF27.jpg,7
3057,CF510.jpg,5
3058,AM102.jpg,3
3059,CM635.jpg,3
3060,AF1840.jpg,2
3061,AM427.jpg,3
3062,AM1561.jpg,4
3063,AM1897.jpg,5
3064,CF129.jpg,1
3065,AF845.jpg,4
3066,AF904.jpg,3
3067,AF1239.jpg,5
3068,CF183.jpg,3
3069,AF1629.jpg,6
3070,AF1355.jpg,6
3071,AF1636.jpg,2
3072,AM1664.jpg,6
3073,AF1647.jpg,5
3074,CF347.jpg,3
3075,AF1024.jpg,4
3076,AM727.jpg,4
3077,AM567.jpg,2
3078,AF121.jpg,2
3079,AM95.jpg,2
3080,AF1618.jpg,3
3081,AF1697.jpg,6
3082,AF1459.jpg,6
3083,CF194.jpg,3
3084,AF1529.jpg,5
3085,CF340.jpg,2
3086,AM1418.jpg,3
3087,AF1164.jpg,3
3088,CF399.jpg,4
3089,CF297.jpg,2
3090,AM16.jpg,5
3091,AM98.jpg,4
3092,CF576.jpg,7
3093,AM1627.jpg,5
3094,AM65.jpg,4
3095,AF1580.jpg,4
3096,AF1042.jpg,4
3097,AF1335.jpg,6
3098,CM371.jpg,2
3099,AM1671.jpg,6
3100,CF187.jpg,2
3101,AM583.jpg,3
3102,AF395.jpg,6
3103,CM621.jpg,3
3104,AM1641.jpg,4
3105,CF380.jpg,3
3106,AF293.jpg,3
3107,CF747.jpg,4
3108,AM333.jpg,3
3109,AM474.jpg,2
3110,AM746.jpg,3
3111,AM1668.jpg,4
3112,AM1902.jpg,4
3113,AF737.jpg,3
3114,CM236.jpg,2
3115,AF1971.jpg,1
3116,CM568.jpg,2
3117,CM170.jpg,3
3118,AF377.jpg,2
3119,AM1593.jpg,4
3120,AM1879.jpg,5
3121,AF428.jpg,3
3122,AF1153.jpg,4
3123,AF1997.jpg,0
3124,AM1677.jpg,6
3125,AF387.jpg,2
3126,AF961.jpg,5
3127,AF187.jpg,4
3128,AM1880.jpg,3
3129,AM1269.jpg,2
3130,AM802.jpg,3
3131,AF1028.jpg,2
3132,AF1782.jpg,4
3133,CF153.jpg,5
3134,AM1441.jpg,2
3135,CM557.jpg,3
3136,CM735.jpg,6
3137,AF646.jpg,5
3138,AM1787.jpg,3
3139,CM669.jpg,6
3140,CF148.jpg,2
3141,AF1159.jpg,5
3142,AM231.jpg,3
3143,AM1048.jpg,3
3144,CF177.jpg,3
3145,AF362.jpg,2
3146,AM226.jpg,3
3147,AF1180.jpg,5
3148,AF704.jpg,3
3149,AF1350.jpg,1
3150,AF772.jpg,6
3151,AF574.jpg,3
3152,AF1111.jpg,2
3153,AM1544.jpg,3
3154,AM604.jpg,3
3155,AM481.jpg,3
3156,AF930.jpg,6
3157,CF414.jpg,2
3158,AM1995.jpg,6
3159,CF207.jpg,2
3160,CM459.jpg,3
3161,CM739.jpg,5
3162,AF648.jpg,3
3163,AF531.jpg,4
3164,CM65.jpg,5
3165,AF1064.jpg,5
3166,AM1533.jpg,1
3167,AF1294.jpg,2
3168,CM432.jpg,3
3169,AM1876.jpg,4
3170,CF565.jpg,5
3171,AF1706.jpg,5
3172,AF1203.jpg,4
3173,CM435.jpg,3
3174,AF992.jpg,3
3175,AM1094.jpg,3
3176,AM156.jpg,6
3177,AM729.jpg,3
3178,AF843.jpg,2
3179,AM479.jpg,2
3180,AF1922.jpg,4
3181,CM564.jpg,4
3182,AM14.jpg,6
3183,AM935.jpg,2
3184,AF1015.jpg,5
3185,CM550.jpg,2
3186,AM1634.jpg,3
3187,AF556.jpg,3
3188,AF1311.jpg,6
3189,AF513.jpg,3
3190,AM1997.jpg,6
3191,AM1221.jpg,3
3192,AF104.jpg,3
3193,AM1993.jpg,3
3194,CM259.jpg,3
3195,AM1152.jpg,2
3196,AF391.jpg,0
3197,AM942.jpg,3
3198,AF1030.jpg,2
3199,AF455.jpg,2
3200,CM162.jpg,4
3201,AM637.jpg,3
3202,AF1736.jpg,5
3203,AM537.jpg,3
3204,AF833.jpg,4
3205,CM291.jpg,2
3206,AM1955.jpg,4
3207,AM203.jpg,3
3208,AF1954.jpg,3
3209,AF1424.jpg,3
3210,AF1100.jpg,3
3211,AM354.jpg,3
3212,CM454.jpg,2
3213,AF1168.jpg,5
3214,AM1684.jpg,5
3215,AM519.jpg,2
3216,AM615.jpg,2
3217,CM590.jpg,6
3218,AM223.jpg,2
3219,CF343.jpg,3
3220,AF1812.jpg,5
3221,CM295.jpg,2
3222,AF140.jpg,2
3223,AM1515.jpg,3
3224,AM1125.jpg,2
3225,CM137.jpg,2
3226,CF402.jpg,2
3227,AM1996.jpg,5
3228,CM55.jpg,7
3229,AF1624.jpg,4
3230,AM1602.jpg,6
3231,AM644.jpg,3
3232,CM624.jpg,2
3233,AF1734.jpg,5
3234,CF602.jpg,6
3235,CF138.jpg,1
3236,AM186.jpg,6
3237,CM595.jpg,3
3238,CF675.jpg,5
3239,AM564.jpg,3
3240,AM1429.jpg,3
3241,CF53.jpg,2
3242,AF1263.jpg,4
3243,CF750.jpg,5
3244,CF169.jpg,3
3245,AM1312.jpg,3
3246,CM288.jpg,3
3247,AF1119.jpg,3
3248,AM763.jpg,3
3249,AM421.jpg,5
3250,AF757.jpg,0
3251,CM383.jpg,3
3252,CF133.jpg,3
3253,AF281.jpg,2
3254,AF314.jpg,1
3255,CF664.jpg,4
3256,AF911.jpg,2
3257,AF733.jpg,3
3258,AM1128.jpg,3
3259,AF963.jpg,6
3260,AF1531.jpg,4
3261,AF1173.jpg,2
3262,AM1913.jpg,4
3263,AF115.jpg,3
3264,AF498.jpg,3
3265,CF696.jpg,4
3266,AF308.jpg,2
3267,CM268.jpg,3
3268,AM1539.jpg,2
3269,AM1409.jpg,4
3270,CF61.jpg,5
3271,AF879.jpg,3
3272,CF689.jpg,6
3273,AM1475.jpg,3
3274,AF1207.jpg,6
3275,AM1640.jpg,6
3276,CF687.jpg,6
3277,AM1156.jpg,4
3278,AF473.jpg,3
3279,AF792.jpg,3
3280,AM1893.jpg,6
3281,AM184.jpg,2
3282,AF602.jpg,3
3283,CM199.jpg,2
3284,AF557.jpg,1
3285,CM640.jpg,3
3286,AF1053.jpg,3
3287,AF1958.jpg,6
3288,AM1394.jpg,3
3289,CM589.jpg,3
3290,CF618.jpg,6
3291,AF36.jpg,2
3292,CM527.jpg,2
3293,AM501.jpg,2
3294,CM157.jpg,5
3295,AF209.jpg,3
3296,AM108.jpg,5
3297,AM521.jpg,3
3298,AF1443.jpg,4
3299,CF320.jpg,2
3300,AM1904.jpg,1
3301,AF1658.jpg,4
3302,AM860.jpg,3
3303,AF550.jpg,3
3304,AM1003.jpg,2
3305,AM1519.jpg,2
3306,AM1382.jpg,2
3307,AM1385.jpg,3
3308,AF958.jpg,4
3309,CM163.jpg,5
3310,CM682.jpg,6
3311,CM583.jpg,3
3312,CM450.jpg,5
3313,AF901.jpg,2
3314,AM149.jpg,3
3315,AM175.jpg,3
3316,AF1594.jpg,5
3317,AF891.jpg,2
3318,CF65.jpg,0
3319,AM1108.jpg,4
3320,AM1407.jpg,2
3321,AF1025.jpg,1
3322,AF1448.jpg,5
3323,CM159.jpg,2
3324,AF1727.jpg,3
3325,CF142.jpg,2
3326,CF550.jpg,4
3327,AM46.jpg,5
3328,CM622.jpg,3
3329,CM53.jpg,4
3330,CM90.jpg,3
3331,AM1329.jpg,3
3332,AF1552.jpg,5
3333,AF1139.jpg,3
3334,CF81.jpg,3
3335,AF877.jpg,5
3336,AM1343.jpg,3
3337,AM1978.jpg,4
3338,AF711.jpg,3
3339,AM154.jpg,6
3340,AM544.jpg,4
3341,AF1643.jpg,5
3342,AF1646.jpg,6
3343,AM161.jpg,2
3344,AM580.jpg,2
3345,AM579.jpg,3
3346,CF59.jpg,2
3347,CM542.jpg,3
3348,AF656.jpg,3
3349,CF279.jpg,5
3350,AF1019.jpg,2
3351,AM568.jpg,2
3352,AF562.jpg,3
3353,AF422.jpg,2
3354,CM512.jpg,3
3355,AM80.jpg,4
3356,CF349.jpg,3
3357,AF1233.jpg,3
3358,AM1815.jpg,3
3359,AM801.jpg,3
3360,AM831.jpg,3
3361,AF1150.jpg,3
3362,CF538.jpg,3
3363,AM1983.jpg,5
3364,AM232.jpg,2
3365,AF1987.jpg,1
3366,AM1365.jpg,3
3367,AM1319.jpg,3
3368,AM325.jpg,5
3369,AF1720.jpg,5
3370,AM811.jpg,4
3371,AM299.jpg,3
3372,CM156.jpg,2
3373,AF1245.jpg,3
3374,AF566.jpg,2
3375,AF1467.jpg,5
3376,AM900.jpg,3
3377,CM28.jpg,3
3378,AF89.jpg,1
3379,AF762.jpg,6
3380,AM855.jpg,3
3381,AF510.jpg,5
3382,AF283.jpg,4
3383,AF1146.jpg,4
3384,CF2.jpg,5
3385,CM565.jpg,2
3386,AM1370.jpg,3
3387,AM1954.jpg,5
3388,CF394.jpg,3
3389,AM1006.jpg,2
3390,AM1448.jpg,3
3391,CM24.jpg,3
3392,AF153.jpg,2
3393,AF1200.jpg,5
3394,AF1442.jpg,5
3395,CF483.jpg,5
3396,AF684.jpg,3
3397,AF552.jpg,3
3398,AM641.jpg,3
3399,AM386.jpg,3
3400,AF10.jpg,4
3401,AM1649.jpg,5
3402,AF421.jpg,3
3403,AM585.jpg,3
3404,AF1746.jpg,5
3405,CF713.jpg,5
3406,AM1089.jpg,1
3407,AM1852.jpg,6
3408,AF1494.jpg,5
3409,AF1290.jpg,3
3410,AM846.jpg,3
3411,AF622.jpg,2
3412,AF844.jpg,3
3413,AF806.jpg,2
3414,AF839.jpg,4
3415,CM334.jpg,2
3416,AF262.jpg,2
3417,AM645.jpg,3
3418,AM1191.jpg,3
3419,AF116.jpg,1
3420,AM237.jpg,2
3421,AF563.jpg,4
3422,AM289.jpg,2
3423,AF545.jpg,5
3424,CF423.jpg,5
3425,AF1783.jpg,5
3426,AF548.jpg,5
3427,AM150.jpg,5
3428,AM1829.jpg,4
3429,AF1398.jpg,0
3430,AM234.jpg,3
3431,AF1481.jpg,5
3432,AF1777.jpg,5
3433,AF470.jpg,5
3434,CM71.jpg,2
3435,AM1163.jpg,3
3436,AF273.jpg,3
3437,AM958.jpg,2
3438,AF1260.jpg,5
3439,CM724.jpg,5
3440,AF1018.jpg,4
3441,AM1044.jpg,3
3442,CF116.jpg,3
3443,AM684.jpg,4
3444,AF1061.jpg,3
3445,AF1397.jpg,5
3446,AM784.jpg,2
3447,AM1009.jpg,3
3448,AF596.jpg,3
3449,AM1183.jpg,3
3450,AM837.jpg,3
3451,AM1708.jpg,6
3452,AF56.jpg,4
3453,AF1186.jpg,2
3454,CM696.jpg,5
3455,CM499.jpg,5
3456,AM373.jpg,2
3457,AF361.jpg,3
3458,AF1712.jpg,5
3459,CM517.jpg,3
3460,AF846.jpg,1
3461,AM1462.jpg,2
3462,CF746.jpg,3
3463,AM171.jpg,3
3464,CF119.jpg,3
3465,CM504.jpg,2
3466,AF633.jpg,5
3467,AF1417.jpg,5
3468,AM147.jpg,5
3469,AM283.jpg,3
3470,AM1819.jpg,4
3471,AF1066.jpg,1
3472,AF1789.jpg,5
3473,AF999.jpg,5
3474,AM1804.jpg,3
3475,CF607.jpg,5
3476,CF246.jpg,4
3477,CF114.jpg,2
3478,AM905.jpg,3
3479,AF1062.jpg,6
3480,CM171.jpg,2
3481,AF1742.jpg,5
3482,CM440.jpg,2
3483,AM20.jpg,1
3484,CF97.jpg,3
3485,AF191.jpg,3
3486,CF454.jpg,2
3487,AM1687.jpg,5
3488,AF1680.jpg,5
3489,CM675.jpg,5
3490,AM957.jpg,2
3491,AF2000.jpg,5
3492,CF529.jpg,3
3493,CF523.jpg,2
3494,AM627.jpg,3
3495,AF1991.jpg,2
3496,AF1027.jpg,5
3497,AF628.jpg,3
3498,AF1380.jpg,2
3499,AF1923.jpg,4
3500,AF1291.jpg,6
3501,CM45.jpg,3
3502,AF1986.jpg,0
3503,CM599.jpg,3
3504,CF659.jpg,6
3505,AM123.jpg,6
3506,CF198.jpg,2
3507,AM762.jpg,6
3508,AF735.jpg,3
3509,AF1144.jpg,3
3510,AF81.jpg,2
3511,AF250.jpg,3
3512,AF335.jpg,2
3513,AF8.jpg,3
3514,AF631.jpg,4
3515,AF1299.jpg,5
3516,AF1377.jpg,5
3517,AF1113.jpg,4
3518,CF379.jpg,5
3519,AF59.jpg,2
3520,CF578.jpg,5
3521,CF411.jpg,5
3522,CM547.jpg,3
3523,AF666.jpg,3
3524,CM92.jpg,3
3525,AM1341.jpg,3
3526,CM436.jpg,4
3527,CM352.jpg,3
3528,AM1743.jpg,4
3529,CM189.jpg,3
3530,CF353.jpg,4
3531,AM1200.jpg,3
3532,AM1417.jpg,2
3533,AM1300.jpg,2
3534,CF608.jpg,2
3535,AF1023.jpg,4
3536,AM396.jpg,3
3537,CF19.jpg,5
3538,AM1314.jpg,3
3539,CM323.jpg,1
3540,CF378.jpg,2
3541,AF892.jpg,5
3542,CF623.jpg,6
3543,AM75.jpg,5
3544,AF337.jpg,2
3545,AF966.jpg,4
3546,AM533.jpg,3
3547,CF328.jpg,3
3548,CM262.jpg,4
3549,CM272.jpg,4
3550,CM77.jpg,6
3551,CM563.jpg,3
3552,CF333.jpg,2
3553,AF32.jpg,4
3554,AM267.jpg,6
3555,AF438.jpg,3
3556,AF1347.jpg,4
3557,AF1790.jpg,2
3558,AM1179.jpg,3
3559,CM593.jpg,4
3560,AF290.jpg,2
3561,AF1021.jpg,3
3562,AM1182.jpg,2
3563,AM1303.jpg,2
3564,AM596.jpg,3
3565,AM235.jpg,2
3566,CM152.jpg,1
3567,CM211.jpg,3
3568,CM265.jpg,3
3569,AM825.jpg,3
3570,CF616.jpg,5
3571,AF900.jpg,3
3572,AM676.jpg,3
3573,AM895.jpg,3
3574,AM1392.jpg,2
3575,AF299.jpg,2
3576,AF519.jpg,3
3577,CF666.jpg,6
3578,AM1786.jpg,5
3579,AM1033.jpg,2
3580,CM167.jpg,3
3581,AM1938.jpg,5
3582,CF691.jpg,4
3583,CM190.jpg,2
3584,AF1879.jpg,5
3585,CM717.jpg,6
3586,AM663.jpg,3
3587,AM570.jpg,2
3588,AF1550.jpg,4
3589,AF216.jpg,3
3590,AF144.jpg,2
3591,CM98.jpg,2
3592,AF909.jpg,5
3593,AM1466.jpg,6
3594,CM496.jpg,3
3595,CF472.jpg,3
3596,AF321.jpg,2
3597,AM1114.jpg,4
3598,AF1741.jpg,5
3599,AF890.jpg,4
3600,AF161.jpg,1
3601,AF1209.jpg,4
3602,AF1877.jpg,6
3603,AM1906.jpg,4
3604,AM1847.jpg,5
3605,AM1472.jpg,1
3606,AM1609.jpg,5
3607,AF159.jpg,3
3608,AM1201.jpg,2
3609,CF308.jpg,2
3610,AM1974.jpg,5
3611,CF640.jpg,7
3612,AM840.jpg,4
3613,CF166.jpg,2
3614,AF984.jpg,5
3615,AM1403.jpg,3
3616,AF1057.jpg,4
3617,CM428.jpg,3
3618,AM358.jpg,3
3619,AM454.jpg,2
3620,AM970.jpg,3
3621,CM639.jpg,6
3622,CM549.jpg,3
3623,AM164.jpg,2
3624,AM520.jpg,3
3625,AF1572.jpg,6
3626,AF1773.jpg,3
3627,AM1765.jpg,6
3628,AM132.jpg,3
3629,CF502.jpg,3
3630,AF955.jpg,6
3631,AF253.jpg,3
3632,AF1590.jpg,0
3633,AF185.jpg,2
3634,AF945.jpg,4
3635,AM83.jpg,4
3636,AM1596.jpg,5
3637,AM408.jpg,2
3638,AM292.jpg,3
3639,CM212.jpg,2
3640,AF721.jpg,3
3641,CM433.jpg,3
3642,AM1928.jpg,4
3643,AM1795.jpg,6
3644,AM1824.jpg,3
3645,AM341.jpg,2
3646,CF52.jpg,3
3647,AM1922.jpg,2
3648,AF1468.jpg,6
3649,AM1909.jpg,3
3650,AM733.jpg,3
3651,AF1632.jpg,4
3652,AF344.jpg,3
3653,AM1166.jpg,2
3654,AF1247.jpg,5
3655,AM1933.jpg,5
3656,CM638.jpg,6
3657,CF72.jpg,2
3658,AM820.jpg,3
3659,CM314.jpg,3
3660,AM1344.jpg,3
3661,AM512.jpg,2
3662,CM42.jpg,6
3663,AF1867.jpg,6
3664,AM441.jpg,2
3665,CF438.jpg,2
3666,CM306.jpg,6
3667,AF678.jpg,5
3668,AF895.jpg,5
3669,AF1865.jpg,4
3670,AM1102.jpg,2
3671,CF745.jpg,4
3672,CM101.jpg,6
3673,AF832.jpg,3
3674,AF1392.jpg,6
3675,CM518.jpg,3
3676,AM926.jpg,2
3677,AM1301.jpg,3
3678,AF1278.jpg,5
3679,CF660.jpg,4
3680,AM915.jpg,3
3681,AF1044.jpg,3
3682,AF1753.jpg,4
3683,AM428.jpg,3
3684,AM974.jpg,2
3685,AF494.jpg,2
3686,CM241.jpg,3
3687,AM1232.jpg,2
3688,AF214.jpg,3
3689,AM932.jpg,2
3690,CF271.jpg,3
3691,AF1507.jpg,3
3692,AF130.jpg,3
3693,AM364.jpg,2
3694,AF1049.jpg,3
3695,AF1860.jpg,4
3696,AF467.jpg,4
3697,AF1352.jpg,4
3698,AM470.jpg,3
3699,AM1302.jpg,2
3700,AM859.jpg,3
3701,AM954.jpg,3
3702,AF1242.jpg,6
3703,AM1091.jpg,2
3704,AF1256.jpg,2
3705,CF393.jpg,3
3706,AF354.jpg,3
3707,CF205.jpg,3
3708,AF701.jpg,4
3709,AF74.jpg,2
3710,AF1781.jpg,5
3711,AM1414.jpg,3
3712,AF611.jpg,3
3713,AF1361.jpg,5
3714,AF1037.jpg,2
3715,AF996.jpg,4
3716,AM126.jpg,1
3717,CF281.jpg,1
3718,AM1840.jpg,4
3719,AF12.jpg,2
3720,AM731.jpg,3
3721,AM1361.jpg,2
3722,AF700.jpg,1
3723,CM466.jpg,3
3724,AM557.jpg,3
3725,CF619.jpg,6
3726,AM107.jpg,3
3727,AM523.jpg,3
3728,AF245.jpg,3
3729,CF527.jpg,3
3730,AF1486.jpg,6
3731,AM1557.jpg,2
3732,CM96.jpg,4
3733,AF1004.jpg,4
3734,AM1691.jpg,6
3735,AF1992.jpg,5
3736,CM192.jpg,3
3737,AM1480.jpg,1
3738,AM488.jpg,2
3739,AM1342.jpg,3
3740,AF53.jpg,2
3741,AM52.jpg,1
3742,AF1684.jpg,6
3743,AM707.jpg,1
3744,AM263.jpg,2
3745,AM387.jpg,2
3746,AM848.jpg,3
3747,AF45.jpg,3
3748,AM1346.jpg,3
3749,AF1293.jpg,6
3750,CF658.jpg,6
3751,AM516.jpg,4
3752,AM492.jpg,2
3753,AM921.jpg,2
3754,CM626.jpg,3
3755,AM890.jpg,2
3756,AF1543.jpg,5
3757,AM1665.jpg,3
3758,AF1124.jpg,5
3759,AF1524.jpg,5
3760,AM124.jpg,6
3761,CF193.jpg,5
3762,AM101.jpg,4
3763,AM666.jpg,3
3764,AM805.jpg,2
3765,CM729.jpg,6
3766,CF354.jpg,2
3767,CM79.jpg,4
3768,AM515.jpg,3
3769,CM312.jpg,2
3770,AM1074.jpg,3
3771,CM421.jpg,3
3772,AF1082.jpg,3
3773,CM164.jpg,3
3774,AF1238.jpg,4
3775,AM694.jpg,3
3776,AF814.jpg,3
3777,AM1916.jpg,3
3778,AF1152.jpg,4
3779,AF705.jpg,2
3780,AF1070.jpg,3
3781,AM1948.jpg,4
3782,CF250.jpg,3
3783,AM1967.jpg,4
3784,AF1973.jpg,7
3785,CF324.jpg,2
3786,CM362.jpg,3
3787,AM1177.jpg,2
3788,CF90.jpg,4
3789,CF403.jpg,2
3790,CF233.jpg,4
3791,AF1566.jpg,5
3792,AF561.jpg,6
3793,CM305.jpg,3
3794,CF292.jpg,3
3795,AF1932.jpg,3
3796,AF1017.jpg,5
3797,CM270.jpg,3
3798,AM943.jpg,3
3799,CF255.jpg,2
3800,AF1091.jpg,3
3801,AF1845.jpg,1
3802,AM339.jpg,2
3803,AF923.jpg,3
3804,CF482.jpg,3
3805,AF18.jpg,3
3806,AF1563.jpg,6
3807,AM989.jpg,3
3808,CF40.jpg,4
3809,AM390.jpg,7
3810,AM1745.jpg,4
3811,CM215.jpg,3
3812,AF1358.jpg,2
3813,AF1016.jpg,5
3814,AM419.jpg,3
3815,AF506.jpg,3
3816,AF534.jpg,2
3817,AF327.jpg,4
3818,CF43.jpg,2
3819,CM191.jpg,3
3820,CM591.jpg,3
3821,AF910.jpg,4
3822,AM602.jpg,3
3823,AM60.jpg,4
3824,CF373.jpg,2
3825,AM1545.jpg,3
3826,AM822.jpg,3
3827,CM57.jpg,3
3828,CF635.jpg,6
3829,AF1592.jpg,6
3830,AF1593.jpg,6
3831,CM522.jpg,3
3832,AF1340.jpg,5
3833,AM1038.jpg,3
3834,CF289.jpg,4
3835,AF1927.jpg,6
3836,AM251.jpg,3
3837,CM7.jpg,6
3838,AF657.jpg,2
3839,AF1430.jpg,5
3840,AF687.jpg,3
3841,AF363.jpg,2
3842,AF1143.jpg,1
3843,CM394.jpg,3
3844,AF683.jpg,3
3845,AF1316.jpg,6
3846,AF67.jpg,4
3847,AM473.jpg,1
3848,CM315.jpg,3
3849,AM823.jpg,3
3850,CF315.jpg,3
3851,AM195.jpg,1
3852,AM485.jpg,3
3853,CM439.jpg,4
3854,AM1586.jpg,4
3855,AM462.jpg,2
3856,AF606.jpg,3
3857,AF1980.jpg,5
3858,AM1647.jpg,4
3859,AM1905.jpg,4
3860,CM247.jpg,3
3861,AM378.jpg,3
3862,AM800.jpg,3
3863,AM1950.jpg,4
3864,AM279.jpg,2
3865,AM49.jpg,6
3866,AF1820.jpg,0
3867,AF1151.jpg,2
3868,AM318.jpg,5
3869,AF759.jpg,2
3870,CM594.jpg,5
3871,AM756.jpg,3
3872,CF73.jpg,2
3873,AF65.jpg,3
3874,CF237.jpg,4
3875,CF429.jpg,3
3876,AF797.jpg,3
3877,AM1360.jpg,2
3878,AF1589.jpg,5
3879,AF1533.jpg,6
3880,AM1622.jpg,4
3881,AM213.jpg,3
3882,CF151.jpg,3
3883,AM990.jpg,3
3884,CF33.jpg,4
3885,CM578.jpg,3
3886,AM1158.jpg,3
3887,CM443.jpg,3
3888,AF1505.jpg,4
3889,CM286.jpg,3
3890,AM1231.jpg,1
3891,AM1364.jpg,2
3892,AF1888.jpg,4
3893,AM258.jpg,2
3894,CF694.jpg,4
3895,AF1726.jpg,6
3896,AF232.jpg,1
3897,AF947.jpg,4
3898,AM1610.jpg,4
3899,AF1841.jpg,3
3900,CF301.jpg,5
3901,AF875.jpg,3
3902,AM610.jpg,3
3903,AM1598.jpg,6
3904,CF678.jpg,5
3905,AM1105.jpg,2
3906,AF1604.jpg,5
3907,CF545.jpg,5
3908,AF1964.jpg,6
3909,AM1181.jpg,2
3910,AM1762.jpg,2
3911,CM200.jpg,5
3912,CM398.jpg,2
3913,AF1312.jpg,6
3914,AM1217.jpg,3
3915,AF167.jpg,3
3916,CM603.jpg,3
3917,AF1198.jpg,5
3918,AM1350.jpg,2
3919,AM614.jpg,4
3920,AM1735.jpg,4
3921,AM1811.jpg,4
3922,AF1667.jpg,5
3923,AM216.jpg,3
3924,CF400.jpg,4
3925,CM59.jpg,4
3926,CM274.jpg,2
3927,AF1492.jpg,5
3928,CF30.jpg,4
3929,CM224.jpg,3
3930,CF302.jpg,3
3931,AF1068.jpg,6
3932,AM1737.jpg,5
3933,AF1982.jpg,4
3934,AF372.jpg,3
3935,CF700.jpg,5
3936,AF286.jpg,3
3937,AF1569.jpg,5
3938,CM294.jpg,3
3939,AF703.jpg,2
3940,AM1204.jpg,3
3941,AF659.jpg,3
3942,CM407.jpg,2
3943,CF96.jpg,3
3944,AF1729.jpg,4
3945,AM1203.jpg,3
3946,AM1066.jpg,3
3947,AF960.jpg,2
3948,CM11.jpg,6
3949,AF1192.jpg,3
3950,AF1075.jpg,5
3951,CF474.jpg,2
3952,AM953.jpg,3
3953,CF485.jpg,3
3954,AF780.jpg,4
3955,CF559.jpg,5
3956,CM298.jpg,3
3957,AM1453.jpg,2
3958,AF1128.jpg,3
3959,AM1527.jpg,2
3960,AF1086.jpg,5
3961,CM339.jpg,3
3962,AM1619.jpg,6
3963,CM554.jpg,3
3964,AM1493.jpg,3
3965,AF439.jpg,3
3966,AF1660.jpg,5
3967,AF1525.jpg,5
3968,AM1326.jpg,3
3969,AM1747.jpg,3
3970,AM685.jpg,3
3971,AF1766.jpg,6
3972,CF567.jpg,6
3973,AM143.jpg,4
3974,AF1605.jpg,4
3975,AF1653.jpg,3
3976,AM18.jpg,5
3977,CF41.jpg,2
3978,AM1438.jpg,3
3979,AF295.jpg,2
3980,AM1147.jpg,3
3981,CM6.jpg,5
3982,CM175.jpg,4
3983,AM569.jpg,3
3984,AF1212.jpg,5
3985,AM391.jpg,3
3986,AM1874.jpg,2
3987,AM1854.jpg,5
3988,AF207.jpg,3
3989,CM397.jpg,3
3990,AM1729.jpg,6
3991,AM1496.jpg,2
3992,CM16.jpg,5
3993,AM709.jpg,3
3994,AM430.jpg,3
3995,AF944.jpg,6
3996,CM503.jpg,4
3997,AF527.jpg,4
3998,AF1052.jpg,3
3999,AM945.jpg,2
4000,AF720.jpg,5
4001,CM160.jpg,7
4002,AF576.jpg,3
4003,AF1493.jpg,4
4004,CF323.jpg,3
4005,CF572.jpg,5
4006,AM113.jpg,4
4007,AF1639.jpg,4
4008,CM355.jpg,1
4009,AF19.jpg,4
4010,AF1393.jpg,5
4011,AF1147.jpg,5
4012,AF658.jpg,3
4013,AF1826.jpg,6
4014,CF226.jpg,3
4015,AM1951.jpg,3
4016,CM40.jpg,3
4017,CM697.jpg,6
4018,AF114.jpg,3
4019,CF685.jpg,4
4020,AM657.jpg,4
4021,CF732.jpg,5
4022,CM695.jpg,3
4023,AM224.jpg,3
4024,CM263.jpg,4
4025,AM1961.jpg,5
4026,AF1414.jpg,5
4027,AM946.jpg,3
4028,AF1193.jpg,2
4029,AM366.jpg,2
4030,CF311.jpg,3
4031,AF1214.jpg,4
4032,AF1695.jpg,6
4033,CM213.jpg,4
4034,AM1569.jpg,4
4035,CF50.jpg,6
4036,CM110.jpg,4
4037,AM880.jpg,3
4038,AF1591.jpg,5
4039,CF534.jpg,3
4040,AM808.jpg,2
4041,CF714.jpg,6
4042,AM913.jpg,2
4043,AM1013.jpg,3
4044,AF1509.jpg,1
4045,CF598.jpg,6
4046,AF903.jpg,4
4047,AF1993.jpg,5
4048,AF443.jpg,2
4049,AM702.jpg,3
4050,AM1776.jpg,5
4051,AF1583.jpg,5
4052,CM486.jpg,3
4053,CM488.jpg,3
4054,AM1110.jpg,3
4055,CM700.jpg,7
4056,AM301.jpg,3
4057,AM730.jpg,3
4058,CM648.jpg,6
4059,AM1934.jpg,6
4060,CF170.jpg,2
4061,AM981.jpg,3
4062,CM205.jpg,2
4063,CM645.jpg,5
4064,AM907.jpg,3
4065,AF206.jpg,3
4066,AF1568.jpg,5
4067,AF142.jpg,2
4068,AF1615.jpg,4
4069,AF243.jpg,2
4070,AF554.jpg,4
4071,AM345.jpg,2
4072,AF1112.jpg,6
4073,AF364.jpg,3
4074,CF317.jpg,3
4075,AM757.jpg,4
4076,AM1468.jpg,2
4077,AF1893.jpg,4
4078,CF260.jpg,3
4079,AF1813.jpg,5
4080,AM1372.jpg,2
4081,AF1083.jpg,6
4082,AF771.jpg,3
4083,AM1775.jpg,6
4084,AM1216.jpg,2
4085,CM193.jpg,3
4086,AF1910.jpg,5
4087,AM1040.jpg,2
4088,AM1820.jpg,2
4089,AF1898.jpg,5
4090,CM206.jpg,3
4091,AM1719.jpg,5
4092,CF573.jpg,6
4093,AM743.jpg,3
4094,CM260.jpg,4
4095,AF1699.jpg,4
4096,CM243.jpg,2
4097,AF1691.jpg,4
4098,AM1704.jpg,6
4099,CF740.jpg,6
4100,AM652.jpg,3
4101,AM968.jpg,2
4102,AF204.jpg,3
4103,AF1825.jpg,6
4104,AM726.jpg,3
4105,CM396.jpg,3
4106,AF1274.jpg,4
4107,CF15.jpg,5
4108,AF225.jpg,5
4109,AF1600.jpg,4
4110,AM162.jpg,7
4111,AM116.jpg,5
4112,AF1199.jpg,6
4113,AM493.jpg,2
4114,AM1099.jpg,3
4115,CF478.jpg,3
4116,CM664.jpg,5
4117,AF39.jpg,1
4118,AM1408.jpg,3
4119,AM1551.jpg,2
4120,AM722.jpg,4
4121,AM1953.jpg,5
4122,AF1894.jpg,6
4123,AM1165.jpg,3
4124,AM324.jpg,3
4125,AF1686.jpg,5
4126,AF1501.jpg,5
4127,AF1009.jpg,5
4128,AF1266.jpg,5
4129,AM870.jpg,1
4130,AF34.jpg,2
4131,AM210.jpg,5
4132,AM1707.jpg,5
4133,CM363.jpg,2
4134,AM1813.jpg,5
4135,AM816.jpg,2
4136,AM1865.jpg,4
4137,AF1226.jpg,2
4138,AM797.jpg,3
4139,CM712.jpg,5
4140,AF776.jpg,4
4141,AM106.jpg,4
4142,AM505.jpg,1
4143,AM115.jpg,1
4144,AM264.jpg,1
4145,AM1134.jpg,3
4146,CM129.jpg,3
4147,AF533.jpg,3
4148,AM1655.jpg,3
4149,AF1669.jpg,6
4150,CM736.jpg,6
4151,CM668.jpg,5
4152,AF320.jpg,2
4153,CM390.jpg,4
4154,AM1321.jpg,3
4155,AM1263.jpg,2
4156,AM3.jpg,6
4157,AM752.jpg,2
4158,AF1469.jpg,6
4159,CF417.jpg,3
4160,AF1526.jpg,6
4161,AM392.jpg,3
4162,AM53.jpg,5
4163,AM467.jpg,2
4164,AM211.jpg,2
4165,CF444.jpg,2
4166,AM899.jpg,3
4167,AM1471.jpg,2
4168,CM292.jpg,3
4169,AM1061.jpg,3
4170,AM459.jpg,3
4171,AF1631.jpg,0
4172,CF245.jpg,2
4173,CM534.jpg,4
4174,CF32.jpg,1
4175,AF1378.jpg,3
4176,AM349.jpg,3
4177,AM656.jpg,3
4178,AM45.jpg,6
4179,AM664.jpg,2
4180,AM353.jpg,3
4181,AF380.jpg,3
4182,CF232.jpg,5
4183,AF1579.jpg,6
4184,AF1001.jpg,5
4185,AF420.jpg,4
4186,AF551.jpg,5
4187,AM1088.jpg,2
4188,CF146.jpg,4
4189,AM376.jpg,4
4190,AF1231.jpg,5
4191,AF863.jpg,3
4192,AF367.jpg,3
4193,AM718.jpg,3
4194,AM151.jpg,6
4195,AM1924.jpg,3
4196,AF123.jpg,2
4197,AM1579.jpg,6
4198,AF1792.jpg,5
4199,AM178.jpg,2
4200,CF252.jpg,5
4201,CF622.jpg,4
4202,AM622.jpg,1
4203,AF956.jpg,4
4204,AF695.jpg,7
4205,AM294.jpg,3
4206,AF578.jpg,2
4207,AM432.jpg,3
4208,AF73.jpg,4
4209,AF284.jpg,4
4210,AF674.jpg,3
4211,AM1523.jpg,2
4212,CM184.jpg,3
4213,AF1679.jpg,3
4214,AM1129.jpg,2
4215,AM1946.jpg,4
4216,AF1701.jpg,4
4217,AF512.jpg,2
4218,AM1837.jpg,7
4219,AM916.jpg,3
4220,AM343.jpg,3
4221,AF1896.jpg,4
4222,AF547.jpg,3
4223,AF936.jpg,3
4224,CM706.jpg,5
4225,AF1045.jpg,5
4226,AF183.jpg,3
4227,AM812.jpg,2
4228,AM1024.jpg,4
4229,AM930.jpg,2
4230,CM493.jpg,3
4231,AM100.jpg,2
4232,AM1543.jpg,3
4233,AF412.jpg,4
4234,CM560.jpg,2
4235,CM357.jpg,3
4236,CM146.jpg,4
4237,AM1435.jpg,3
4238,AF1510.jpg,5
4239,AM305.jpg,6
4240,AM1885.jpg,6
4241,AF1224.jpg,5
4242,AM166.jpg,2
4243,AF93.jpg,3
4244,AM1972.jpg,6
4245,CM410.jpg,3
4246,AM351.jpg,4
4247,CM3.jpg,6
4248,CM745.jpg,5
4249,AF1754.jpg,5
4250,CM424.jpg,3
4251,AF1439.jpg,5
4252,AF431.jpg,3
4253,CM471.jpg,3
4254,AF1167.jpg,6
4255,AF95.jpg,3
4256,AM269.jpg,6
4257,AM1594.jpg,5
4258,CM308.jpg,3
4259,CF201.jpg,4
4260,AM456.jpg,4
4261,CF546.jpg,5
4262,CM388.jpg,3
4263,AF247.jpg,3
4264,AM1952.jpg,6
4265,AM256.jpg,3
4266,AM1756.jpg,5
4267,CM256.jpg,3
4268,AM1405.jpg,3
4269,AM1047.jpg,6
4270,AF1917.jpg,3
4271,AM1643.jpg,5
4272,CF278.jpg,3
4273,CM319.jpg,3
4274,AM1701.jpg,6
4275,AM347.jpg,2
4276,AF1073.jpg,3
4277,AM22.jpg,7
4278,AF331.jpg,2
4279,AM1199.jpg,3
4280,CF558.jpg,5
4281,AF590.jpg,3
4282,AM588.jpg,2
4283,AF1334.jpg,5
4284,CF18.jpg,6
4285,AF1353.jpg,3
4286,AF541.jpg,3
4287,CF123.jpg,3
4288,CF375.jpg,3
4289,AM1674.jpg,6
4290,AF322.jpg,1
4291,AM1042.jpg,3
4292,CM409.jpg,3
4293,AF1985.jpg,6
4294,CM301.jpg,2
4295,AF1254.jpg,5
4296,AF912.jpg,5
4297,CM670.jpg,6
4298,AF1955.jpg,5
4299,CM210.jpg,3
4300,AF1130.jpg,3
4301,AF330.jpg,4
4302,AF905.jpg,6
4303,CF14.jpg,6
4304,AF862.jpg,6
4305,AM1135.jpg,2
4306,CF259.jpg,3
4307,AF1412.jpg,4
4308,AM319.jpg,3
4309,AF1187.jpg,5
4310,AF1616.jpg,3
4311,AM1250.jpg,3
4312,AF851.jpg,2
4313,AF1868.jpg,5
4314,AF316.jpg,2
4315,AM1914.jpg,4
4316,AM1991.jpg,5
4317,CM571.jpg,2
4318,AM437.jpg,2
4319,CM470.jpg,3
4320,CM608.jpg,4
4321,CM642.jpg,4
4322,AM1293.jpg,3
4323,AM190.jpg,6
4324,AF1182.jpg,3
4325,AF598.jpg,2
4326,CM136.jpg,3
4327,CF49.jpg,6
4328,AM754.jpg,3
4329,AM136.jpg,3
4330,AM1028.jpg,2
4331,AM140.jpg,4
4332,AF1749.jpg,4
4333,AM769.jpg,3
4334,AM1124.jpg,2
4335,AM1240.jpg,2
4336,AM638.jpg,2
4337,CM74.jpg,4
4338,AF223.jpg,2
4339,AM1887.jpg,6
4340,AF972.jpg,6
4341,AM159.jpg,2
4342,AF1900.jpg,4
4343,AF474.jpg,2
4344,CM660.jpg,4
4345,CF64.jpg,4
4346,AF995.jpg,4
4347,AF224.jpg,3
4348,AF208.jpg,3
4349,AF1074.jpg,4
4350,CM297.jpg,3
4351,AF524.jpg,3
4352,AF429.jpg,2
4353,AF1258.jpg,4
4354,AF475.jpg,1
4355,CM686.jpg,3
4356,AF1396.jpg,6
4357,CF639.jpg,6
4358,CF620.jpg,7
4359,CF481.jpg,2
4360,AF31.jpg,4
4361,AF603.jpg,6
4362,CM123.jpg,4
4363,CM539.jpg,4
4364,AM995.jpg,3
4365,AM1119.jpg,3
4366,CF631.jpg,5
4367,CM453.jpg,2
4368,AF537.jpg,2
4369,CF388.jpg,4
4370,AM1692.jpg,7
4371,AF594.jpg,2
4372,AM978.jpg,3
4373,CF287.jpg,3
4374,AM1744.jpg,4
4375,CM51.jpg,2
4376,AM1141.jpg,4
4377,AM1428.jpg,3
4378,AF775.jpg,2
4379,CF337.jpg,3
4380,AM84.jpg,5
4381,AM787.jpg,3
4382,CM551.jpg,4
4383,AF1470.jpg,4
4384,CF84.jpg,3
4385,AM1202.jpg,3
4386,AF1614.jpg,3
4387,AF379.jpg,3
4388,AM1911.jpg,4
4389,AM807.jpg,2
4390,CF265.jpg,2
4391,AF351.jpg,3
4392,AF1327.jpg,4
4393,AM1620.jpg,2
4394,AF5.jpg,2
4395,CF513.jpg,2
4396,AM298.jpg,1
4397,CM651.jpg,5
4398,CF655.jpg,5
4399,AM1239.jpg,3
4400,AM1421.jpg,3
4401,AF517.jpg,2
4402,AF1382.jpg,6
4403,CM385.jpg,3
4404,CM4.jpg,6
4405,AF618.jpg,4
4406,AM927.jpg,3
4407,AM266.jpg,3
4408,AM369.jpg,3
4409,AM1618.jpg,5
4410,CM345.jpg,2
4411,AM1963.jpg,6
4412,AF865.jpg,2
4413,AM261.jpg,3
4414,AF1515.jpg,5
4415,AF1755.jpg,6
4416,AM857.jpg,3
4417,AF604.jpg,3
4418,AF230.jpg,3
4419,CM644.jpg,6
4420,AM322.jpg,6
4421,AF25.jpg,1
4422,AF1744.jpg,4
4423,AM183.jpg,3
4424,AM1255.jpg,2
4425,AF1979.jpg,3
4426,AM1424.jpg,3
4427,AF1181.jpg,3
4428,AF302.jpg,3
4429,AF408.jpg,4
4430,AF946.jpg,5
4431,CF421.jpg,4
4432,CF661.jpg,6
4433,AF651.jpg,3
4434,AF333.jpg,3
4435,CM552.jpg,3
4436,CM133.jpg,3
4437,AF1554.jpg,6
4438,CM719.jpg,5
4439,AM827.jpg,3
4440,AF169.jpg,2
4441,AF785.jpg,3
4442,AF20.jpg,3
4443,AF1444.jpg,6
4444,AF593.jpg,5
4445,CM179.jpg,3
4446,CF221.jpg,3
4447,AM1198.jpg,3
4448,AF662.jpg,3
4449,AM612.jpg,3
4450,AM1233.jpg,3
4451,AM1727.jpg,3
4452,CM543.jpg,2
4453,AM944.jpg,1
4454,AF809.jpg,3
4455,AM1633.jpg,4
4456,AM1540.jpg,3
4457,AF120.jpg,2
4458,AF770.jpg,5
4459,AF311.jpg,3
4460,AM466.jpg,3
4461,AM1518.jpg,3
4462,AF277.jpg,3
4463,AF691.jpg,2
4464,AF202.jpg,3
4465,AF1561.jpg,5
4466,AF526.jpg,4
4467,AM1151.jpg,3
4468,AF1324.jpg,6
4469,CF533.jpg,3
4470,AM1189.jpg,2
4471,AF399.jpg,2
4472,AF1172.jpg,5
4473,AF143.jpg,1
4474,CF44.jpg,3
4475,AM884.jpg,3
4476,AF365.jpg,1
4477,AM1638.jpg,6
4478,CM733.jpg,4
4479,CF592.jpg,5
4480,AM732.jpg,2
4481,CM2.jpg,5
4482,AF418.jpg,3
4483,AM1484.jpg,3
4484,AM1097.jpg,2
4485,AF478.jpg,3
4486,AF1287.jpg,4
4487,AF352.jpg,2
4488,AF1465.jpg,6
4489,CM316.jpg,3
4490,AF1666.jpg,4
4491,AM1868.jpg,6
4492,AF1402.jpg,5
4493,AF794.jpg,4
4494,CF16.jpg,5
4495,AF468.jpg,3
4496,AM874.jpg,2
4497,AM214.jpg,2
4498,AF852.jpg,3
4499,AM1103.jpg,4
4500,AM335.jpg,3
4501,AM498.jpg,3
4502,AF652.jpg,3
4503,AF358.jpg,4
4504,CM72.jpg,6
4505,CF122.jpg,4
4506,CM592.jpg,4
4507,AM715.jpg,3
4508,CF76.jpg,1
4509,AM1962.jpg,6
4510,AF1926.jpg,5
4511,CM148.jpg,5
4512,AM528.jpg,3
4513,CF172.jpg,4
4514,CM519.jpg,3
4515,AM665.jpg,2
4516,AF625.jpg,4
4517,CM239.jpg,4
4518,CF487.jpg,2
4519,AM1929.jpg,6
4520,AM1389.jpg,3
4521,AM291.jpg,3
4522,AM1328.jpg,2
4523,AM281.jpg,2
4524,AF1534.jpg,6
4525,AF528.jpg,3
4526,AF1262.jpg,5
4527,CM569.jpg,4
4528,AM1401.jpg,2
4529,CF47.jpg,3
4530,AF1704.jpg,2
4531,AM1695.jpg,4
4532,CF663.jpg,5
4533,CF231.jpg,3
4534,CF690.jpg,5
4535,AM572.jpg,3
4536,AF272.jpg,4
4537,AF589.jpg,3
4538,AF693.jpg,3
4539,AM1501.jpg,3
4540,CM468.jpg,3
4541,AF464.jpg,4
4542,CM180.jpg,4
4543,CM540.jpg,4
4544,AM1985.jpg,2
4545,AM1915.jpg,3
4546,AF1229.jpg,3
4547,AF620.jpg,3
4548,CF223.jpg,2
4549,AM1542.jpg,3
4550,CF191.jpg,2
4551,AF1399.jpg,4
4552,AF152.jpg,3
4553,AM1680.jpg,4
4554,AM595.jpg,3
4555,AM1805.jpg,5
4556,AM1444.jpg,2
4557,AM1901.jpg,3
4558,AF712.jpg,3
4559,AF133.jpg,3
4560,CF719.jpg,7
4561,CM221.jpg,4
4562,AF1668.jpg,6
4563,AM966.jpg,3
4564,CF749.jpg,6
4565,CM330.jpg,3
4566,AM887.jpg,2
4567,AM248.jpg,6
4568,AF1721.jpg,3
4569,CM524.jpg,2
4570,AM361.jpg,3
4571,AM1404.jpg,3
4572,AM94.jpg,4
4573,AM1800.jpg,6
4574,AF1832.jpg,6
4575,AF1528.jpg,4
4576,AF872.jpg,6
4577,AF699.jpg,4
4578,CM25.jpg,3
4579,AF864.jpg,3
4580,AM286.jpg,1
4581,CM8.jpg,2
4582,AM545.jpg,2
4583,AM362.jpg,3
4584,AF765.jpg,3
4585,AM38.jpg,4
4586,AM1357.jpg,3
4587,CM479.jpg,2
4588,AM221.jpg,2
4589,AF630.jpg,5
4590,AM1368.jpg,3
4591,AF1606.jpg,4
4592,AM605.jpg,2
4593,CM666.jpg,6
4594,AF902.jpg,4
4595,AF1651.jpg,1
4596,AM949.jpg,3
4597,CM426.jpg,4
4598,CM673.jpg,6
4599,AF525.jpg,2
4600,AM96.jpg,2
4601,AM1759.jpg,6
4602,AF1269.jpg,4
4603,AM1245.jpg,3
4604,AF1573.jpg,5
4605,AF1480.jpg,3
4606,AF1750.jpg,1
4607,AM1325.jpg,2
4608,AM1304.jpg,2
4609,AM422.jpg,3
4610,AM312.jpg,4
4611,AM1608.jpg,6
4612,CF544.jpg,5
4613,AF332.jpg,2
4614,AF1951.jpg,3
4615,AM1966.jpg,5
4616,CF425.jpg,3
4617,CF605.jpg,5
4618,AM35.jpg,4
4619,AF979.jpg,2
4620,CM364.jpg,5
4621,AM42.jpg,5
4622,CM393.jpg,3
4623,CF34.jpg,6
4624,AM1451.jpg,2
4625,AM31.jpg,5
4626,AM1580.jpg,6
4627,AM1987.jpg,5
4628,AM1205.jpg,3
4629,AF878.jpg,3
4630,AM1175.jpg,3
4631,CM327.jpg,3
4632,CF63.jpg,2
4633,CF361.jpg,3
4634,CF128.jpg,3
4635,CM115.jpg,3
4636,CF699.jpg,5
4637,AF1574.jpg,5
4638,CF168.jpg,3
4639,CM350.jpg,2
4640,CM498.jpg,2
4641,AM1060.jpg,2
4642,AF1189.jpg,3
4643,AF1807.jpg,3
4644,AF884.jpg,2
4645,AM1367.jpg,2
4646,CF145.jpg,2
4647,AF808.jpg,2
4648,AF1876.jpg,3
4649,AM340.jpg,3
4650,AM1730.jpg,4
4651,AM1288.jpg,1
4652,CM458.jpg,3
4653,AM475.jpg,3
4654,CM545.jpg,2
4655,AM414.jpg,3
4656,CM34.jpg,1
4657,CF192.jpg,4
4658,AM1423.jpg,2
4659,AM1268.jpg,2
4660,AM817.jpg,2
4661,AM384.jpg,4
4662,CF564.jpg,5
4663,CM94.jpg,3
4664,AF88.jpg,2
4665,CM730.jpg,5
4666,AM720.jpg,3
4667,CM188.jpg,3
4668,AF650.jpg,2
4669,AM1387.jpg,2
4670,AF146.jpg,3
4671,AF236.jpg,5
4672,CF680.jpg,5
4673,CF638.jpg,5
4674,AM121.jpg,3
4675,AM1162.jpg,6
4676,AM1858.jpg,5
4677,AM573.jpg,2
4678,CM196.jpg,3
4679,AM229.jpg,3
4680,AM598.jpg,3
4681,AM961.jpg,3
4682,CF580.jpg,6
4683,CM404.jpg,3
4684,CF744.jpg,6
4685,AM409.jpg,3
4686,AF1884.jpg,3
4687,AF518.jpg,2
4688,CF348.jpg,1
4689,CM587.jpg,1
4690,AF798.jpg,6
4691,AF1587.jpg,5
4692,AM1628.jpg,5
4693,AF1784.jpg,4
4694,AM1084.jpg,2
4695,AF360.jpg,2
4696,AF1475.jpg,1
4697,AF309.jpg,4
4698,AF1776.jpg,4
4699,AF1250.jpg,2
4700,CF498.jpg,3
4701,AM713.jpg,2
4702,AM1316.jpg,2
4703,CF596.jpg,6
4704,AF275.jpg,3
4705,AF989.jpg,2
4706,AF952.jpg,4
4707,AM693.jpg,3
4708,CM558.jpg,2
4709,AF1363.jpg,3
4710,CF139.jpg,2
4711,CF360.jpg,2
4712,CM75.jpg,3
4713,CM572.jpg,5
4714,CM229.jpg,3
4715,CF412.jpg,2
4716,AM1531.jpg,3
4717,AF835.jpg,3
4718,AF488.jpg,4
4719,CF1.jpg,6
4720,CM714.jpg,6
4721,AM455.jpg,4
4722,CF143.jpg,5
4723,CM607.jpg,3
4724,CF144.jpg,3
4725,AF1560.jpg,5
4726,AF329.jpg,4
4727,AM1266.jpg,4
4728,AM1433.jpg,3
4729,AM1169.jpg,2
4730,AM425.jpg,3
4731,AF1094.jpg,6
4732,CM271.jpg,3
4733,CF615.jpg,5
4734,AM967.jpg,4
4735,CF724.jpg,4
4736,AF744.jpg,2
4737,AF1953.jpg,2
4738,AF1674.jpg,6
4739,AF374.jpg,2
4740,CF216.jpg,3
4741,AF1939.jpg,4
4742,AM561.jpg,3
4743,AF1108.jpg,1
4744,AM751.jpg,3
4745,AM1413.jpg,3
4746,CF266.jpg,3
4747,CM237.jpg,3
4748,CM113.jpg,3
4749,AM1752.jpg,5
4750,AF126.jpg,3
4751,AF394.jpg,3
4752,CM182.jpg,3
4753,AM1279.jpg,3
4754,CM9.jpg,5
4755,AF384.jpg,2
4756,CF272.jpg,3
4757,AM204.jpg,2
4758,AM952.jpg,2
4759,AM950.jpg,3
4760,AM1935.jpg,6
4761,CM641.jpg,6
4762,AM1419.jpg,1
4763,AM1307.jpg,3
4764,AF1925.jpg,4
4765,CM402.jpg,3
4766,AF1059.jpg,4
4767,CM86.jpg,3
4768,AM1473.jpg,1
4769,CM476.jpg,3
4770,AF416.jpg,3
4771,AF476.jpg,5
4772,AF1079.jpg,3
4773,AF205.jpg,5
4774,AM288.jpg,2
4775,CM360.jpg,4
4776,CM463.jpg,3
4777,AM314.jpg,3
4778,AF1008.jpg,3
4779,AM883.jpg,2
4780,AM706.jpg,3
4781,AF77.jpg,3
4782,AF1171.jpg,6
4783,AF1331.jpg,5
4784,AF897.jpg,6
4785,AF629.jpg,3
4786,AM1121.jpg,3
4787,AF1348.jpg,5
4788,CF109.jpg,2
4789,AF255.jpg,1
4790,CM536.jpg,2
4791,CM606.jpg,4
4792,CF299.jpg,5
4793,AM315.jpg,4
4794,CF222.jpg,3
4795,AM996.jpg,2
4796,AF376.jpg,3
4797,CF395.jpg,3
4798,AF1191.jpg,6
4799,AM964.jpg,2
4800,CF366.jpg,3
4801,CF134.jpg,3
4802,CM741.jpg,4
4803,CM747.jpg,5
4804,AF303.jpg,3
4805,AM1391.jpg,2
4806,AM1975.jpg,6
4807,CM581.jpg,3
4808,AF869.jpg,5
4809,AF595.jpg,2
4810,AM1884.jpg,5
4811,CF9.jpg,5
4812,AM370.jpg,3
4813,AM865.jpg,3
4814,AF894.jpg,4
4815,AF490.jpg,2
4816,AF125.jpg,3
4817,AM863.jpg,5
4818,CF282.jpg,4
4819,AM1513.jpg,2
4820,AF1234.jpg,4
4821,CF542.jpg,3
4822,AF1758.jpg,3
4823,AF1906.jpg,4
4824,CF17.jpg,5
4825,CF75.jpg,2
4826,AF993.jpg,3
4827,AF1603.jpg,5
4828,AF612.jpg,2
4829,AM1547.jpg,2
4830,AM1723.jpg,6
4831,AM58.jpg,2
4832,AM196.jpg,3
4833,CM663.jpg,6
4834,AM1184.jpg,4
4835,AF217.jpg,2
4836,AF986.jpg,2
4837,AF291.jpg,2
4838,AF87.jpg,2
4839,AM902.jpg,3
4840,CF692.jpg,6
4841,AM1087.jpg,2
4842,AM1636.jpg,6
4843,AM356.jpg,3
4844,AF821.jpg,1
4845,AM1075.jpg,3
4846,AF312.jpg,2
4847,CF473.jpg,4
4848,AM321.jpg,5
4849,CF716.jpg,4
4850,AM1832.jpg,5
4851,AF486.jpg,2
4852,CM702.jpg,4
4853,AF1483.jpg,3
4854,CF351.jpg,2
4855,CF670.jpg,7
4856,CF329.jpg,3
4857,CF610.jpg,6
4858,AM1148.jpg,3
4859,CM181.jpg,3
4860,CM460.jpg,4
4861,AM1517.jpg,2
4862,AF1036.jpg,3
4863,CM521.jpg,5
4864,AF1155.jpg,3
4865,CF312.jpg,3
4866,AF1161.jpg,2
4867,CF624.jpg,5
4868,AF1227.jpg,4
4869,AF450.jpg,4
4870,CM546.jpg,4
4871,CF528.jpg,3
4872,CM122.jpg,3
4873,AF477.jpg,4
4874,AF1221.jpg,6
4875,AF586.jpg,6
4876,AF288.jpg,3
4877,AM1467.jpg,3
4878,AF1434.jpg,5
4879,AM1558.jpg,1
4880,AM1900.jpg,4
4881,CF671.jpg,5
4882,AF927.jpg,4
4883,AM680.jpg,2
4884,CM232.jpg,3
4885,AM1145.jpg,6
4886,CM548.jpg,3
4887,AF521.jpg,3
4888,CM155.jpg,3
4889,CF294.jpg,3
4890,AF935.jpg,3
4891,CF597.jpg,6
4892,CM264.jpg,3
4893,AM355.jpg,3
4894,CF496.jpg,1
4895,CF137.jpg,3
4896,AF1945.jpg,4
4897,AM1228.jpg,2
4898,CF741.jpg,5
4899,AF1462.jpg,5
4900,AF239.jpg,3
4901,AF411.jpg,2
4902,AF1904.jpg,5
4903,AF1373.jpg,3
4904,AF1972.jpg,6
4905,AM1442.jpg,2
4906,AF1375.jpg,4
4907,AM712.jpg,2
4908,AM894.jpg,3
4909,CM348.jpg,3
4910,CF230.jpg,3
4911,AM1498.jpg,4
4912,AM1772.jpg,4
4913,CM230.jpg,2
4914,AF184.jpg,4
4915,AF1811.jpg,4
4916,AF138.jpg,2
4917,AM1002.jpg,1
4918,AF111.jpg,3
4919,AF615.jpg,3
4920,CF68.jpg,5
4921,CF121.jpg,2
4922,AM1670.jpg,3
4923,AF1662.jpg,4
4924,AF1201.jpg,4
4925,AF503.jpg,6
4926,CF214.jpg,2
4927,AM1064.jpg,6
4928,AM1554.jpg,3
4929,CF111.jpg,3
4930,AF1326.jpg,5
4931,AF336.jpg,3
4932,CF653.jpg,6
4933,AM180.jpg,3
4934,CF35.jpg,3
4935,CF85.jpg,3
4936,AF1314.jpg,3
4937,AM939.jpg,3
4938,AM1335.jpg,3
4939,AM451.jpg,3
4940,CM1.jpg,4
4941,CF332.jpg,3
4942,AM1450.jpg,3
4943,AF1298.jpg,5
4944,AM889.jpg,2
4945,AM227.jpg,2
4946,AM1492.jpg,3
4947,CM384.jpg,4
4948,AM1057.jpg,2
4949,AM336.jpg,3
4950,AM1397.jpg,3
4951,AM1917.jpg,2
4952,CF488.jpg,3
4953,CF519.jpg,3
4954,AM1299.jpg,3
4955,AM1814.jpg,2
4956,AF1833.jpg,5
4957,CF702.jpg,7
4958,AF836.jpg,6
4959,AF14.jpg,1
4960,AF1351.jpg,2
4961,AF179.jpg,2
4962,AM1055.jpg,2
4963,AM661.jpg,2
4964,AM1111.jpg,2
4965,AM1348.jpg,2
4966,AF638.jpg,2
4967,CM233.jpg,3
4968,AF710.jpg,1
4969,AM1956.jpg,5
4970,AF246.jpg,4
4971,CM36.jpg,2
4972,AM546.jpg,3
4973,CF679.jpg,5
4974,CF190.jpg,2
4975,CM39.jpg,3
4976,CF574.jpg,5
4977,CF306.jpg,3
4978,AM1193.jpg,3
4979,CM368.jpg,3
4980,AF1687.jpg,5
4981,CF384.jpg,3
4982,CF150.jpg,5
4983,AF754.jpg,2
4984,CM109.jpg,4
4985,AM1626.jpg,6
4986,AF1458.jpg,5
4987,AF1723.jpg,6
4988,AF690.jpg,5
4989,CF227.jpg,3
4990,CM14.jpg,3
4991,AM77.jpg,6
4992,AM1226.jpg,3
4993,CM178.jpg,2
4994,CF71.jpg,3
4995,AF1409.jpg,5
4996,AF520.jpg,1
4997,AF1802.jpg,5
4998,AM575.jpg,3
4999,AF1756.jpg,6
5000,CM117.jpg,3
5001,AM99.jpg,5
5002,CM662.jpg,5
5003,AM1358.jpg,3
5004,AM439.jpg,3
5005,AF1873.jpg,1
5006,AM411.jpg,3
5007,AM1210.jpg,2
5008,AF587.jpg,1
5009,CF344.jpg,4
5010,AF870.jpg,3
5011,AF1852.jpg,5
5012,AM888.jpg,3
5013,AM1007.jpg,2
5014,CF115.jpg,3
5015,AF1307.jpg,3
5016,AF1296.jpg,3
5017,AM1843.jpg,4
5018,CM87.jpg,3
5019,CM619.jpg,3
5020,CM238.jpg,4
5021,AF608.jpg,2
5022,AM1810.jpg,3
5023,CF397.jpg,3
5024,CF733.jpg,4
5025,AF697.jpg,4
5026,CF621.jpg,5
5027,AM160.jpg,6
5028,AF1065.jpg,5
5029,AM1801.jpg,6
5030,AM313.jpg,2
5031,AM1998.jpg,4
5032,AF1418.jpg,3
5033,CM353.jpg,4
5034,AF1808.jpg,5
5035,AM142.jpg,4
5036,AF724.jpg,6
5037,AM917.jpg,3
5038,AM908.jpg,2
5039,AM611.jpg,3
5040,AF79.jpg,3
5041,AF27.jpg,3
5042,CM88.jpg,3
5043,AM250.jpg,3
5044,CF270.jpg,4
5045,AM1289.jpg,3
5046,AM1292.jpg,3
5047,CM737.jpg,6
5048,AM589.jpg,2
5049,AF1058.jpg,5
5050,AF1682.jpg,5
5051,AM1718.jpg,5
5052,AF1107.jpg,6
5053,CF739.jpg,5
5054,CF117.jpg,1
5055,AM241.jpg,5
5056,AF440.jpg,3
5057,CF442.jpg,3
5058,AF1284.jpg,4
5059,AF1912.jpg,6
5060,AF1724.jpg,5
5061,AF1095.jpg,3
5062,AF1914.jpg,5
5063,AM32.jpg,5
5064,CM197.jpg,2
5065,CF449.jpg,3
5066,AF1376.jpg,5
5067,AF592.jpg,7
5068,CM462.jpg,4
5069,CM513.jpg,2
5070,AF1908.jpg,6
5071,AM1550.jpg,3
5072,AM833.jpg,2
5073,AM813.jpg,5
5074,AF1178.jpg,5
5075,AM872.jpg,2
5076,AF388.jpg,1
5077,CM83.jpg,2
5078,CM201.jpg,4
5079,AF417.jpg,3
5080,AM1495.jpg,3
5081,CM13.jpg,6
5082,AF1537.jpg,5
5083,AM1400.jpg,3
5084,AM170.jpg,2
5085,AM1491.jpg,3
5086,AF929.jpg,5
5087,AM1899.jpg,3
5088,AM219.jpg,3
5089,CM22.jpg,6
5090,CF451.jpg,3
5091,AF341.jpg,2
5092,AM986.jpg,2
5093,CF630.jpg,6
5094,AF860.jpg,5
5095,AF1425.jpg,4
5096,AF1931.jpg,1
5097,AF553.jpg,3
5098,AF729.jpg,3
5099,AF1479.jpg,5
5100,AF1354.jpg,4
5101,AF1360.jpg,5
5102,AF264.jpg,3
5103,AF424.jpg,3
5104,CF721.jpg,5
5105,AF1048.jpg,4
5106,AM1252.jpg,2
5107,AM85.jpg,1
5108,CM29.jpg,1
5109,AF396.jpg,2
5110,AF532.jpg,2
5111,AM316.jpg,3
5112,AM478.jpg,3
5113,AM1590.jpg,5
5114,AM532.jpg,3
5115,AM1349.jpg,3
5116,AF1190.jpg,3
5117,AF1585.jpg,5
5118,AF613.jpg,2
5119,AM1693.jpg,6
5120,AM1530.jpg,3
5121,AM1741.jpg,5
5122,AM352.jpg,3
5123,AM1178.jpg,2
5124,CF517.jpg,1
5125,AM594.jpg,2
5126,AM826.jpg,3
5127,AF1731.jpg,4
5128,AF543.jpg,3
5129,AM1487.jpg,2
5130,CF392.jpg,4
5131,AF1663.jpg,5
5132,AF779.jpg,5
5133,AM1613.jpg,6
5134,AF398.jpg,6
5135,AF441.jpg,4
5136,AF266.jpg,2
5137,AF1235.jpg,3
5138,AM1253.jpg,2
5139,AF75.jpg,2
5140,AM1098.jpg,4
5141,AF1772.jpg,5
5142,AM931.jpg,3
5143,AM1736.jpg,5
5144,CM532.jpg,3
5145,AM956.jpg,2
5146,CF566.jpg,6
5147,AF753.jpg,6
5148,AM818.jpg,3
5149,CF286.jpg,3
5150,AF1081.jpg,3
5151,CF156.jpg,3
5152,AM947.jpg,2
5153,CM106.jpg,4
5154,AM760.jpg,2
5155,CM48.jpg,2
5156,AF1451.jpg,6
5157,AM239.jpg,2
5158,AM253.jpg,4
5159,AF1138.jpg,2
5160,AM600.jpg,2
5161,AM621.jpg,3
5162,AM413.jpg,4
5163,AF1728.jpg,5
5164,AF627.jpg,3
5165,AF899.jpg,3
5166,CF3.jpg,6
5167,AF304.jpg,1
5168,AM582.jpg,4
5169,CM296.jpg,2
5170,AM117.jpg,6
5171,AF1805.jpg,5
5172,CF459.jpg,3
5173,AF41.jpg,6
5174,AM781.jpg,3
5175,AF1690.jpg,5
5176,CM214.jpg,3
5177,AF345.jpg,1
5178,CF164.jpg,3
5179,CM602.jpg,4
5180,AF1779.jpg,5
5181,AF1949.jpg,6
5182,AF1022.jpg,5
5183,AM897.jpg,3
5184,AM632.jpg,3
5185,CF557.jpg,5
5186,CF484.jpg,3
5187,AM849.jpg,2
5188,AF160.jpg,1
5189,CM313.jpg,3
5190,CM32.jpg,2
5191,AM1877.jpg,6
5192,AF969.jpg,5
5193,AF881.jpg,6
5194,AF1703.jpg,6
5195,AF1933.jpg,4
5196,AF813.jpg,4
5197,CM430.jpg,2
5198,AF896.jpg,4
5199,AM1062.jpg,3
5200,CM391.jpg,3
5201,AM593.jpg,2
5202,CF358.jpg,4
5203,AF338.jpg,4
5204,AM1919.jpg,3
5205,AF788.jpg,0
5206,AM1705.jpg,4
5207,CF476.jpg,3
5208,AF937.jpg,3
5209,AF626.jpg,3
5210,AF680.jpg,2
5211,AF1864.jpg,5
5212,AF51.jpg,2
5213,AM631.jpg,3
5214,CF556.jpg,7
5215,CM448.jpg,4
5216,AM21.jpg,6
5217,AM242.jpg,2
5218,CF125.jpg,5
5219,AM1254.jpg,2
5220,AF188.jpg,3
5221,AM1039.jpg,4
5222,AF639.jpg,6
5223,AF145.jpg,3
5224,AM1059.jpg,2
5225,AM1067.jpg,2
5226,CF206.jpg,2
5227,AF83.jpg,3
5228,AM540.jpg,3
5229,AM445.jpg,2
5230,AM26.jpg,1
5231,CF20.jpg,4
5232,AM1835.jpg,5
5233,AF1088.jpg,5
5234,CM671.jpg,6
5235,AM1753.jpg,4
5236,AF35.jpg,3
5237,AF1055.jpg,4
5238,AM977.jpg,1
5239,AF9.jpg,2
5240,AM1988.jpg,6
5241,AF758.jpg,5
5242,AM635.jpg,3
5243,CF209.jpg,4
5244,AM1524.jpg,3
5245,AF1835.jpg,4
5246,AM1506.jpg,3
5247,AM1436.jpg,3
5248,AF1304.jpg,2
5249,AM795.jpg,1
5250,CF363.jpg,4
5251,AF500.jpg,2
5252,AM371.jpg,3
5253,AM246.jpg,3
5254,AM1957.jpg,6
5255,AF1169.jpg,5
5256,AM867.jpg,5
5257,AM401.jpg,2
5258,CF176.jpg,3
5259,CM337.jpg,4
5260,AF306.jpg,3
5261,AM489.jpg,2
5262,AM1605.jpg,7
5263,AM1449.jpg,2
5264,AM577.jpg,3
5265,AM648.jpg,3
5266,AF564.jpg,3
5267,AM1976.jpg,4
5268,CF435.jpg,3
5269,AM134.jpg,5
5270,CM598.jpg,4
5271,AF1388.jpg,6
5272,AF129.jpg,4
5273,AM1528.jpg,2
5274,AM457.jpg,3
5275,AM1109.jpg,2
5276,AM472.jpg,3
5277,AF1368.jpg,4
5278,CF649.jpg,5
5279,CM711.jpg,6
5280,AF227.jpg,3
5281,AF702.jpg,4
5282,AM793.jpg,3
5283,CM699.jpg,5
5284,AM417.jpg,3
5285,AF1788.jpg,6
5286,AF1300.jpg,3
5287,CF407.jpg,3
5288,AF1337.jpg,2
5289,CM553.jpg,3
5290,AF924.jpg,4
5291,AF1562.jpg,4
5292,AM1791.jpg,2
5293,CM514.jpg,2
5294,CM220.jpg,3
5295,AF1370.jpg,5
5296,AM1410.jpg,3
5297,CF325.jpg,4
5298,AM1555.jpg,3
5299,AF1555.jpg,4
5300,AF1635.jpg,5
5301,AF1935.jpg,0
5302,AF976.jpg,6
5303,AF85.jpg,3
5304,AF378.jpg,3
5305,AF837.jpg,2
5306,AF135.jpg,3
5307,AM1611.jpg,6
5308,AF1886.jpg,3
5309,AM1161.jpg,3
5310,AM772.jpg,2
5311,AM1685.jpg,6
5312,CF174.jpg,4
5313,AF86.jpg,2
5314,CF436.jpg,4
5315,AF172.jpg,2
5316,AF30.jpg,4
5317,AF265.jpg,1
5318,CM442.jpg,3
5319,AF381.jpg,3
5320,AF1056.jpg,6
5321,AM287.jpg,2
5322,AF569.jpg,5
5323,AF1652.jpg,6
5324,CM284.jpg,3
5325,AM1267.jpg,2
5326,AF838.jpg,6
5327,AM1702.jpg,5
5328,AM1732.jpg,5
5329,AM71.jpg,5
5330,CF633.jpg,5
5331,AF84.jpg,3
5332,AF1506.jpg,5
5333,AM775.jpg,3
5334,CM293.jpg,2
5335,AM382.jpg,2
5336,AF109.jpg,2
5337,AF226.jpg,2
5338,AF1240.jpg,3
5339,AM1853.jpg,5
5340,AF1449.jpg,5
5341,AF1474.jpg,6
5342,AF148.jpg,1
5343,AM909.jpg,3
5344,AM491.jpg,2
5345,AF1858.jpg,4
5346,AF1116.jpg,6
5347,AM1212.jpg,2
5348,AF1319.jpg,6
5349,AM182.jpg,3
5350,AF1208.jpg,6
5351,CM168.jpg,3
5352,AF919.jpg,3
5353,AM740.jpg,3
5354,AF346.jpg,2
5355,AF1977.jpg,6
5356,CM111.jpg,4
5357,AF1621.jpg,5
5358,CF249.jpg,3
5359,AF1135.jpg,4
5360,AF1584.jpg,5
5361,CF4.jpg,6
5362,AF1369.jpg,3
5363,AM1777.jpg,5
5364,AF1966.jpg,5
5365,CM505.jpg,2
5366,AF1090.jpg,5
5367,AM363.jpg,2
5368,AF297.jpg,6
5369,AM1715.jpg,4
5370,AF1535.jpg,4
5371,AM963.jpg,4
5372,AF1437.jpg,6
5373,AM205.jpg,6
5374,CF599.jpg,5
5375,CM358.jpg,3
5376,AF706.jpg,1
5377,AM1390.jpg,2
5378,AM1238.jpg,3
5379,AM465.jpg,1
5380,AF1035.jpg,5
5381,CM609.jpg,3
5382,AF175.jpg,4
5383,CM672.jpg,5
5384,AM1020.jpg,5
5385,AF1519.jpg,5
5386,AM1104.jpg,1
5387,AM81.jpg,5
5388,AM296.jpg,1
5389,AM1597.jpg,6
5390,AM959.jpg,2
5391,AF789.jpg,1
5392,AF856.jpg,4
5393,AF1850.jpg,5
5394,AF1940.jpg,3
5395,AF803.jpg,3
5396,CM465.jpg,3
5397,AM941.jpg,2
5398,AF938.jpg,5
5399,AF26.jpg,2
5400,AF549.jpg,2
5401,AF1499.jpg,4
5402,CF256.jpg,2
5403,AF1362.jpg,6
5404,CF290.jpg,3
5405,AF50.jpg,3
5406,AF1892.jpg,5
5407,AF573.jpg,3
5408,AM1362.jpg,3
5409,CM20.jpg,5
5410,CF547.jpg,5
5411,CF418.jpg,3
5412,CM373.jpg,4
5413,AF137.jpg,3
5414,AF180.jpg,3
5415,AF1775.jpg,5
5416,AM1802.jpg,6
5417,AF444.jpg,4
5418,CF79.jpg,3
5419,CM746.jpg,6
5420,CF568.jpg,6
5421,AM7.jpg,4
5422,AF778.jpg,3
5423,CM659.jpg,6
5424,AF432.jpg,4
5425,AF1522.jpg,2
5426,CM44.jpg,4
5427,AM1494.jpg,3
5428,AF1768.jpg,1
5429,CF154.jpg,2
5430,AF445.jpg,2
5431,CF582.jpg,6
5432,AF1804.jpg,5
5433,AF410.jpg,2
5434,AM695.jpg,3
5435,CF77.jpg,4
5436,CF742.jpg,6
5437,CM321.jpg,3
5438,AF889.jpg,3
5439,AM272.jpg,2
5440,AF861.jpg,4
5441,AM1797.jpg,4
5442,AM734.jpg,2
5443,AF66.jpg,2
5444,AF1407.jpg,4
5445,AF1818.jpg,4
5446,AF1295.jpg,6
5447,AF1511.jpg,5
5448,CF448.jpg,4
5449,CM140.jpg,3
5450,AF1014.jpg,6
5451,AM172.jpg,3
5452,AF1359.jpg,5
5453,AF112.jpg,3
5454,AM1244.jpg,2
5455,AF1844.jpg,7
5456,AM405.jpg,3
5457,AM1890.jpg,4
5458,AF756.jpg,0
5459,CM344.jpg,4
5460,CF738.jpg,6
5461,AF1952.jpg,4
5462,AF1717.jpg,5
5463,AF1365.jpg,6
5464,AF1707.jpg,4
5465,CM646.jpg,6
5466,CF656.jpg,4
5467,CF677.jpg,5
5468,AF1156.jpg,6
5469,AM1478.jpg,2
5470,AF248.jpg,1
5471,AM1323.jpg,3
5472,AM1025.jpg,3
5473,AF1104.jpg,6
5474,AF793.jpg,3
5475,AM6.jpg,6
5476,CM567.jpg,3
5477,AF975.jpg,2
5478,AF48.jpg,2
5479,AM789.jpg,2
5480,AF1915.jpg,4
5481,AF1681.jpg,3
5482,AF1219.jpg,4
5483,AF579.jpg,3
5484,CM131.jpg,2
5485,AM1721.jpg,5
5486,AM1248.jpg,3
5487,AM563.jpg,3
5488,AF166.jpg,3
5489,AF1795.jpg,4
5490,AF132.jpg,2
5491,CM413.jpg,3
5492,CM616.jpg,4
5493,CM73.jpg,5
5494,AF760.jpg,3
5495,AF546.jpg,1
5496,AM558.jpg,3
5497,AF805.jpg,2
5498,AF271.jpg,4
5499,AM1535.jpg,2
